Interval*, Id_From*, Id_To_*, Category_name_From, Category_name_To_, Observed_Annual_Transition_number_of_elements, Transition_Intensity_percent_of_t1_category, Uniform_Intensity_percent_of_non_category, Uniform_Annual_Transition_number_of_elements, Hypothesized_Annual_error_number_of_elements, Commission_Intensity_percent_of_transition, Omission_Intensity_percent_of_transition, 
3, 1, 1, Forest, Forest, 0, 0, 0.0381527970378419, 0, 0, 0, 0, 
3, 1, 2, Forest, Other Vegetation, 7826, 1.18930386364189, 0.322429701256791, 2103.23872970664, 5722.76127029336, 73.1249842869073, 0, 
3, 1, 3, Forest, Cropland, 3405, 0.517452038806623, 0.161755610292214, 1060.61149758837, 2344.38850241163, 68.851351025305, 0, 
3, 1, 4, Forest, Non-Forest, 73, 0.0110936854134753, 0.00539366180014541, 35.4899974540543, 37.5100025459457, 51.3835651314324, 0, 
3, 2, 1, Other Vegetation, Forest, 373, 0.0898277859256958, 0.0381527970378419, 158.34339539328, 214.65660460672, 57.5486875621233, 0, 
3, 2, 2, Other Vegetation, Other Vegetation, 0, 0, 0.322429701256791, 0, 0, 0, 0, 
3, 2, 3, Other Vegetation, Cropland, 564, 0.135825392123572, 0.161755610292214, 671.846826914343, 107.846826914343, 0, 16.052293855381, 
3, 2, 4, Other Vegetation, Non-Forest, 0, 0, 0.00539366180014541, 22.3977953836395, 22.3977953836395, 0, 100, 
3, 3, 1, Cropland, Forest, 186, 0.0588674659138383, 0.0381527970378419, 120.524122754092, 65.4758772459077, 35.2020845408106, 0, 
3, 3, 2, Cropland, Other Vegetation, 1, 0.000316491752224937, 0.322429701256791, 1022.05396252003, 1021.05396252003, 0, 99.9021578080345, 
3, 3, 3, Cropland, Cropland, 0, 0, 0.161755610292214, 0, 0, 0, 0, 
3, 3, 4, Cropland, Non-Forest, 2, 0.000632983504449874, 0.00539366180014541, 17.0428409301764, 15.0428409301764, 0, 88.2648672941683, 
3, 4, 1, Non-Forest, Forest, 295, 0.0195898873681086, 0.0381527970378419, 574.641649616494, 279.641649616494, 0, 48.6636584388065, 
3, 4, 2, Non-Forest, Other Vegetation, 173, 0.0114883068294332, 0.322429701256791, 4870.54744919558, 4697.54744919558, 0, 96.4480378888707, 
3, 4, 3, Non-Forest, Cropland, 205, 0.013613311560889, 0.161755610292214, 2439.45812809411, 2234.45812809411, 0, 91.5964944165629, 
3, 4, 4, Non-Forest, Non-Forest, 0, 0, 0.00539366180014541, 0, 0, 0, 0, 
4, 1, 1, Forest, Forest, 0, 0, 0.018231799994486, 0, 0, 0, 0, 
4, 1, 2, Forest, Other Vegetation, 1574, 0.24305802199567, 0.0639020766356062, 413.076491688429, 1160.92350831157, 73.7562584696042, 0, 
4, 1, 3, Forest, Cropland, 466, 0.0719599988881717, 0.0285276141482993, 184.659434502872, 281.340565497128, 60.3735119092549, 0, 
4, 1, 4, Forest, Non-Forest, 253, 0.0390684114135353, 0.0214934883356492, 139.163494197668, 113.836505802332, 44.9946663250326, 0, 
4, 2, 1, Other Vegetation, Forest, 355, 0.0840630638737207, 0.018231799994486, 76.9425611365909, 278.057438863409, 78.3260391164533, 0, 
4, 2, 2, Other Vegetation, Other Vegetation, 0, 0, 0.0639020766356062, 0, 0, 0, 0, 
4, 2, 3, Other Vegetation, Cropland, 257, 0.0608569222973133, 0.0285276141482993, 120.433726000848, 136.566273999152, 53.1386280152343, 0, 
4, 2, 4, Other Vegetation, Non-Forest, 21, 0.00497274462351587, 0.0214934883356492, 90.7824297896205, 69.7824297896205, 0, 76.8677705050796, 
4, 3, 1, Cropland, Forest, 25, 0.00781374531565968, 0.018231799994486, 58.3385399802883, 33.3385399802883, 0, 57.1466820930947, 
4, 3, 2, Cropland, Other Vegetation, 7, 0.00218784868838471, 0.0639020766356062, 204.580313097948, 197.580313097948, 0, 96.5783608921116, 
4, 3, 3, Cropland, Cropland, 0, 0, 0.0285276141482993, 0, 0, 0, 0, 
4, 3, 4, Cropland, Non-Forest, 25, 0.00781374531565968, 0.0214934883356492, 68.7776103305963, 43.7776103305963, 0, 63.6509615849818, 
4, 4, 1, Non-Forest, Forest, 30, 0.00199298336988243, 0.018231799994486, 274.484395180946, 244.484395180946, 0, 89.0704169247132, 
4, 4, 2, Non-Forest, Other Vegetation, 0, 0, 0.0639020766356062, 962.520889037365, 962.520889037365, 0, 100, 
4, 4, 3, Non-Forest, Cropland, 12, 0.000797193347952973, 0.0285276141482993, 429.539869690603, 417.539869690603, 0, 97.2063128834481, 
4, 4, 4, Non-Forest, Non-Forest, 0, 0, 0.0214934883356492, 0, 0, 0, 0, 
6, 1, 1, Forest, Forest, 0, 0, 0.0138302224937044, 0, 0, 0, 0, 
6, 1, 2, Forest, Other Vegetation, 16349, 2.5526526571851, 0.663052396926319, 4165.87783357301, 12183.122166427, 74.5190664042265, 0, 
6, 1, 3, Forest, Cropland, 1735, 0.270894388660845, 0.0929041583450548, 593.964122215485, 1141.03587778451, 65.7657566446406, 0, 
6, 1, 4, Forest, Non-Forest, 237, 0.0370040173559771, 0.0183381467972247, 117.428584992041, 119.571415007959, 50.4520738430206, 0, 
6, 2, 1, Other Vegetation, Forest, 277, 0.065022405735117, 0.0138302224937044, 58.8875505017031, 218.112449498297, 78.7409564975801, 0, 
6, 2, 2, Other Vegetation, Other Vegetation, 0, 0, 0.663052396926319, 0, 0, 0, 0, 
6, 2, 3, Other Vegetation, Cropland, 656, 0.153988080008075, 0.0929041583450548, 395.536236173441, 260.463763826559, 39.7048420467316, 0, 
6, 2, 4, Other Vegetation, Non-Forest, 6, 0.00140842756104947, 0.0183381467972247, 78.1350172518088, 72.1350172518088, 0, 92.3209846096744, 
6, 3, 1, Cropland, Forest, 23, 0.00712559638143627, 0.0138302224937044, 44.644185604205, 21.644185604205, 0, 48.4815330625414, 
6, 3, 2, Cropland, Other Vegetation, 31, 0.0096040646880228, 0.663052396926319, 2154.27897896221, 2123.27897896221, 0, 98.5610034585709, 
6, 3, 3, Cropland, Cropland, 0, 0, 0.0929041583450548, 0, 0, 0, 0, 
6, 3, 4, Cropland, Non-Forest, 12, 0.00371770245987979, 0.0183381467972247, 59.2005259338166, 47.2005259338166, 0, 79.7299098095591, 
6, 4, 1, Non-Forest, Forest, 12, 0.000796888945556547, 0.0138302224937044, 208.290382631449, 196.290382631449, 0, 94.2388122541246, 
6, 4, 2, Non-Forest, Other Vegetation, 0, 0, 0.663052396926319, 10051.2594187561, 10051.2594187561, 0, 100, 
6, 4, 3, Non-Forest, Cropland, 0, 0, 0.0929041583450548, 1400.3037831325, 1400.3037831325, 0, 100, 
6, 4, 4, Non-Forest, Non-Forest, 0, 0, 0.0183381467972247, 0, 0, 0, 0, 
7, 1, 1, Forest, Forest, 0, 0, 0.00782782995842455, 0, 0, 0, 0, 
7, 1, 2, Forest, Other Vegetation, 14460, 2.32303337392483, 0.59060217877987, 3612.20683127272, 10847.7931687273, 75.0193165195524, 0, 
7, 1, 3, Forest, Cropland, 859, 0.1380003919918, 0.0714037090259966, 444.164747520782, 414.835252479218, 48.2928116972315, 0, 
7, 1, 4, Forest, Non-Forest, 230, 0.0369500467498418, 0.0191325475562486, 119.071614743514, 110.928385256486, 48.2297327202115, 0, 
7, 2, 1, Other Vegetation, Forest, 129, 0.029222014823943, 0.00782782995842455, 34.5484052846387, 94.4515947153613, 73.2182904770243, 0, 
7, 2, 2, Other Vegetation, Other Vegetation, 0, 0, 0.59060217877987, 0, 0, 0, 0, 
7, 2, 3, Other Vegetation, Cropland, 977, 0.221317120023196, 0.0714037090259966, 314.737365336439, 662.262634663561, 67.785325963517, 0, 
7, 2, 4, Other Vegetation, Non-Forest, 26, 0.00588970841412805, 0.0191325475562486, 84.4714356113335, 58.4714356113335, 0, 69.2203644796211, 
7, 3, 1, Cropland, Forest, 40, 0.0123037172605774, 0.00782782995842455, 25.4475274435297, 14.5524725564703, 36.3811813911759, 0, 
7, 3, 2, Cropland, Other Vegetation, 39, 0.0119961243290629, 0.59060217877987, 1931.25290017878, 1892.25290017878, 0, 97.9805855568481, 
7, 3, 3, Cropland, Cropland, 0, 0, 0.0714037090259966, 0, 0, 0, 0, 
7, 3, 4, Cropland, Non-Forest, 10, 0.00307592931514434, 0.0191325475562486, 62.2108579999784, 52.2108579999784, 0, 83.9256356181368, 
7, 4, 1, Non-Forest, Forest, 9, 0.000597570279244591, 0.00782782995842455, 117.903393497995, 108.903393497995, 0, 92.3666319238275, 
7, 4, 2, Non-Forest, Other Vegetation, 0, 0, 0.59060217877987, 8947.90000094245, 8947.90000094245, 0, 100, 
7, 4, 3, Non-Forest, Cropland, 0, 0, 0.0714037090259966, 1076.17897931043, 1076.17897931043, 0, 100, 
7, 4, 4, Non-Forest, Non-Forest, 0, 0, 0.0191325475562486, 0, 0, 0, 0, 
9, 1, 1, Forest, Forest, 0, 0, 0.0136838891691584, 0, 0, 0, 0, 
9, 1, 2, Forest, Other Vegetation, 17340, 2.95342479752689, 0.716521767841334, 4112.02546023976, 13227.9745397602, 76.2858969997707, 0, 
9, 1, 3, Forest, Cropland, 599, 0.102024305289424, 0.0441132210788778, 258.845284735699, 340.154715264301, 56.7870977068951, 0, 
9, 1, 4, Forest, Non-Forest, 232, 0.0395152568065881, 0.0185630875163236, 108.963831959914, 123.036168040086, 53.0328310517614, 0, 
9, 2, 1, Other Vegetation, Forest, 266, 0.0561839284394175, 0.0136838891691584, 64.758151365393, 201.241848634607, 75.654830313762, 0, 
9, 2, 2, Other Vegetation, Other Vegetation, 0, 0, 0.716521767841334, 0, 0, 0, 0, 
9, 2, 3, Other Vegetation, Cropland, 513, 0.108354719133162, 0.0441132210788778, 208.71761077383, 304.28238922617, 59.314305892041, 0, 
9, 2, 4, Other Vegetation, Non-Forest, 14, 0.0029570488652325, 0.0185630875163236, 87.8997277627974, 73.8997277627974, 0, 84.0727606827409, 
9, 3, 1, Cropland, Forest, 38, 0.0115850479712447, 0.0136838891691584, 44.8853302058191, 6.88533020581913, 0, 15.339822998398, 
9, 3, 2, Cropland, Other Vegetation, 0, 0, 0.716521767841334, 2367.21751426051, 2367.21751426051, 0, 100, 
9, 3, 3, Cropland, Cropland, 0, 0, 0.0441132210788778, 0, 0, 0, 0, 
9, 3, 4, Cropland, Non-Forest, 12, 0.00365843620144569, 0.0185630875163236, 60.8976746495567, 48.8976746495567, 0, 80.2948140974914, 
9, 4, 1, Non-Forest, Forest, 12, 0.000796524498106595, 0.0136838891691584, 206.180519530578, 194.180519530578, 0, 94.1798575213017, 
9, 4, 2, Non-Forest, Other Vegetation, 21, 0.00139391787168654, 0.716521767841334, 10872.4760553942, 10851.4760553942, 0, 99.8068517245473, 
9, 4, 3, Non-Forest, Cropland, 21, 0.00139391787168654, 0.0441132210788778, 664.869558104406, 643.869558104406, 0, 96.8414857103892, 
9, 4, 4, Non-Forest, Non-Forest, 0, 0, 0.0185630875163236, 0, 0, 0, 0, 
10, 1, 1, Forest, Forest, 0, 0, 0.00498465928134964, 0, 0, 0, 0, 
10, 1, 2, Forest, Other Vegetation, 25795, 4.53132136457858, 1.07227141768967, 5890.58289688581, 19904.4171031142, 77.163857736438, 0, 
10, 1, 3, Forest, Cropland, 1079, 0.189544320697045, 0.0549992443446599, 312.667221118861, 766.332778881139, 71.0225003596978, 0, 
10, 1, 4, Forest, Non-Forest, 0, 0, 0.00151117079036391, 8.60262084151896, 8.60262084151896, 0, 100, 
10, 2, 1, Other Vegetation, Forest, 5, 0.00102038109193021, 0.00498465928134964, 24.4264468265046, 19.4264468265046, 0, 79.5303834589048, 
10, 2, 2, Other Vegetation, Other Vegetation, 0, 0, 1.07227141768967, 0, 0, 0, 0, 
10, 2, 3, Other Vegetation, Cropland, 333, 0.0679573807225523, 0.0549992443446599, 269.468505348619, 63.531494651381, 19.0785269223366, 0, 
10, 2, 4, Other Vegetation, Non-Forest, 2, 0.000408152436772086, 0.00151117079036391, 7.40501500399387, 5.40501500399387, 0, 72.9912768722102, 
10, 3, 1, Cropland, Forest, 0, 0, 0.00498465928134964, 16.4049326521772, 16.4049326521772, 0, 100, 
10, 3, 2, Cropland, Other Vegetation, 1, 0.000303866396022997, 1.07227141768967, 3566.99661637649, 3565.99661637649, 0, 99.9719652103002, 
10, 3, 3, Cropland, Cropland, 0, 0, 0.0549992443446599, 0, 0, 0, 0, 
10, 3, 4, Cropland, Non-Forest, 19, 0.00577346152443694, 0.00151117079036391, 4.97293020444291, 14.0270697955571, 73.826683134511, 0, 
10, 4, 1, Non-Forest, Forest, 111, 0.00736685406793036, 0.00498465928134964, 75.1045146074987, 35.8954853925013, 32.3382751283796, 0, 
10, 4, 2, Non-Forest, Other Vegetation, 7, 0.000464576382662275, 1.07227141768967, 16331.4816137553, 16324.4816137553, 0, 99.9571379978525, 
10, 4, 3, Non-Forest, Cropland, 0, 0, 0.0549992443446599, 829.15659403187, 829.15659403187, 0, 100, 
10, 4, 4, Non-Forest, Non-Forest, 0, 0, 0.00151117079036391, 0, 0, 0, 0, 
11, 1, 1, Forest, Forest, 0, 0, 0.0331365250320957, 0, 0, 0, 0, 
11, 1, 2, Forest, Other Vegetation, 2081, 0.383593055878135, 0.0876130443474886, 473.894483777374, 1607.10551622263, 77.227559645489, 0, 
11, 1, 3, Forest, Cropland, 146, 0.0269123431803016, 0.0178883486443048, 97.0358902916713, 48.9641097083288, 33.5370614440608, 0, 
11, 1, 4, Forest, Non-Forest, 20, 0.00368662235346598, 0.00402950750783595, 21.86023377842, 1.86023377841997, 0, 8.50967010360317, 
11, 2, 1, Other Vegetation, Forest, 679, 0.131722912414933, 0.0331365250320957, 170.642381725013, 508.357618274987, 74.8685741200275, 0, 
11, 2, 2, Other Vegetation, Other Vegetation, 0, 0, 0.0876130443474886, 0, 0, 0, 0, 
11, 2, 3, Other Vegetation, Cropland, 284, 0.0550947085800309, 0.0178883486443048, 92.1758298813818, 191.824170118618, 67.5437218727529, 0, 
11, 2, 4, Other Vegetation, Non-Forest, 2, 0.000387990905493175, 0.00402950750783595, 20.7719005362339, 18.7719005362339, 0, 90.3716080456323, 
11, 3, 1, Cropland, Forest, 33, 0.00998535481294102, 0.0331365250320957, 109.536274848945, 76.5362748489451, 0, 69.8729940875675, 
11, 3, 2, Cropland, Other Vegetation, 1, 0.000302586509483061, 0.0876130443474886, 289.800120058617, 288.800120058617, 0, 99.6549345804972, 
11, 3, 3, Cropland, Cropland, 0, 0, 0.0178883486443048, 0, 0, 0, 0, 
11, 3, 4, Cropland, Non-Forest, 34, 0.0102879413224241, 0.00402950750783595, 13.3160441306419, 20.6839558693581, 60.8351643216415, 0, 
11, 4, 1, Non-Forest, Forest, 68, 0.00451331827123981, 0.0331365250320957, 499.395066460755, 431.395066460755, 0, 86.3835258762326, 
11, 4, 2, Non-Forest, Other Vegetation, 4, 0.00026548931007293, 0.0876130443474886, 1321.17770440862, 1317.17770440862, 0, 99.6972398196963, 
11, 4, 3, Non-Forest, Cropland, 29, 0.00192479749802874, 0.0178883486443048, 269.558194504917, 240.558194504917, 0, 89.2416552005541, 
11, 4, 4, Non-Forest, Non-Forest, 0, 0, 0.00402950750783595, 0, 0, 0, 0, 
12, 1, 1, Forest, Forest, 0, 0, 0.0101895035376683, 0, 0, 0, 0, 
12, 1, 2, Forest, Other Vegetation, 18081, 3.34192797138817, 0.760188973625128, 4005.89098670795, 14075.1090132921, 77.8447487046737, 0, 
12, 1, 3, Forest, Cropland, 510, 0.0942637722143669, 0.0425643874060865, 230.169125104848, 279.830874895152, 54.8687989990495, 0, 
12, 1, 4, Forest, Non-Forest, 27, 0.00499043499958413, 0.0036696112298738, 19.8536188731434, 7.14638112685664, 26.4680782476172, 0, 
12, 2, 1, Other Vegetation, Forest, 201, 0.0389084721746352, 0.0101895035376683, 52.6235507669444, 148.376449233056, 73.8191289716694, 0, 
12, 2, 2, Other Vegetation, Other Vegetation, 0, 0, 0.760188973625128, 0, 0, 0, 0, 
12, 2, 3, Other Vegetation, Cropland, 542, 0.104917372729613, 0.0425643874060865, 219.749184322616, 322.250815677384, 59.4558700511778, 0, 
12, 2, 4, Other Vegetation, Non-Forest, 2, 0.000387148976862041, 0.0036696112298738, 18.9577238077283, 16.9577238077283, 0, 89.4502102663576, 
12, 3, 1, Cropland, Forest, 12, 0.00362674726105025, 0.0101895035376683, 33.7167326575023, 21.7167326575023, 0, 64.409362787619, 
12, 3, 2, Cropland, Other Vegetation, 1, 0.000302228938420854, 0.760188973625128, 2534.53491958376, 2533.53491958376, 0, 99.9605450296907, 
12, 3, 3, Cropland, Cropland, 0, 0, 0.0425643874060865, 0, 0, 0, 0, 
12, 3, 4, Cropland, Non-Forest, 22, 0.00664903664525878, 0.0036696112298738, 12.141464386915, 9.85853561308502, 44.8115255140228, 0, 
12, 4, 1, Non-Forest, Forest, 27, 0.00179210636881416, 0.0101895035376683, 153.528666206677, 126.528666206677, 0, 82.413707702213, 
12, 4, 2, Non-Forest, Other Vegetation, 9, 0.000597368789604721, 0.760188973625128, 11540.7231779319, 11531.7231779319, 0, 99.9220152856867, 
12, 4, 3, Non-Forest, Cropland, 40, 0.0026549723982432, 0.0425643874060865, 641.53407946318, 601.53407946318, 0, 93.764945420597, 
12, 4, 4, Non-Forest, Non-Forest, 0, 0, 0.0036696112298738, 0, 0, 0, 0, 
13, 1, 1, Forest, Forest, 0, 0, 0.0100263592141188, 0, 0, 0, 0, 
13, 1, 2, Forest, Other Vegetation, 955, 0.182720216126446, 0.0409319619362384, 213.630307136596, 741.369692863404, 77.6303343312465, 0, 
13, 1, 3, Forest, Cropland, 85, 0.0162630558855999, 0.0124002327188329, 64.808180488661, 20.191819511339, 23.7550817780459, 0, 
13, 1, 4, Forest, Non-Forest, 15, 0.00286995103863528, 0.0061159087017149, 31.9662625842518, 16.9662625842518, 0, 53.0755277991436, 
13, 2, 1, Other Vegetation, Forest, 151, 0.0282801722281217, 0.0100263592141188, 53.5252700120708, 97.4747299879292, 64.5528013165094, 0, 
13, 2, 2, Other Vegetation, Other Vegetation, 0, 0, 0.0409319619362384, 0, 0, 0, 0, 
13, 2, 3, Other Vegetation, Cropland, 159, 0.0297784594984858, 0.0124002327188329, 66.1986670046604, 92.8013329953396, 58.3656182360626, 0, 
13, 2, 4, Other Vegetation, Non-Forest, 7, 0.00131100136156856, 0.0061159087017149, 32.657035560068, 25.657035560068, 0, 78.5651089269126, 
13, 3, 1, Cropland, Forest, 0, 0, 0.0100263592141188, 33.2840318432023, 33.2840318432023, 0, 100, 
13, 3, 2, Cropland, Other Vegetation, 0, 0, 0.0409319619362384, 135.92191540087, 135.92191540087, 0, 100, 
13, 3, 3, Cropland, Cropland, 0, 0, 0.0124002327188329, 0, 0, 0, 0, 
13, 3, 4, Cropland, Non-Forest, 63, 0.0189797910415386, 0.0061159087017149, 20.2980464592839, 42.7019535407161, 67.7808786360573, 0, 
13, 4, 1, Non-Forest, Forest, 87, 0.00577466078846024, 0.0100263592141188, 151.061746236052, 64.0617462360517, 0, 42.4076563605638, 
13, 4, 2, Non-Forest, Other Vegetation, 12, 0.000796504936339343, 0.0409319619362384, 616.921176884086, 604.921176884086, 0, 98.054856852117, 
13, 4, 3, Non-Forest, Cropland, 74, 0.00491178044075928, 0.0124002327188329, 186.833665737184, 112.833665737184, 0, 60.3925771578583, 
13, 4, 4, Non-Forest, Non-Forest, 0, 0, 0.0061159087017149, 0, 0, 0, 0, 
14, 1, 1, Forest, Forest, 0, 0, 0.0201721582103632, 0, 0, 0, 0, 
14, 1, 2, Forest, Other Vegetation, 365, 0.0699448106699371, 0.0155812900884789, 81.2651946546152, 283.734805345385, 77.7355631083246, 0, 
14, 1, 3, Forest, Cropland, 51, 0.00977311053196382, 0.0111535196179101, 58.2043303104964, 7.20433031049635, 0, 12.3776534702215, 
14, 1, 4, Forest, Non-Forest, 6, 0.0011497777096428, 0.00496436449659186, 25.9070279464426, 19.9070279464426, 0, 76.8402612125029, 
14, 2, 1, Other Vegetation, Forest, 363, 0.067902123671653, 0.0201721582103632, 107.787463864965, 255.212536135035, 70.3064837837562, 0, 
14, 2, 2, Other Vegetation, Other Vegetation, 0, 0, 0.0155812900884789, 0, 0, 0, 0, 
14, 2, 3, Other Vegetation, Cropland, 235, 0.0439586751042382, 0.0111535196179101, 59.6063725683298, 175.39362743167, 74.6355861411363, 0, 
14, 2, 4, Other Vegetation, Non-Forest, 2, 0.000374116383865857, 0.00496436449659186, 26.5403633663516, 24.5403633663516, 0, 92.4643081468295, 
14, 3, 1, Cropland, Forest, 5, 0.00150517630130017, 0.0201721582103632, 67.0217983295431, 62.0217983295431, 0, 92.5397406148143, 
14, 3, 2, Cropland, Other Vegetation, 0, 0, 0.0155812900884789, 51.7670860860687, 51.7670860860687, 0, 100, 
14, 3, 3, Cropland, Cropland, 0, 0, 0.0111535196179101, 0, 0, 0, 0, 
14, 3, 4, Cropland, Non-Forest, 61, 0.0183631508758621, 0.00496436449659186, 16.4887637902862, 44.5112362097138, 72.9692396880554, 0, 
14, 4, 1, Non-Forest, Forest, 111, 0.00736810103458759, 0.0201721582103632, 303.931271510955, 192.931271510955, 0, 63.4785853235247, 
14, 4, 2, Non-Forest, Other Vegetation, 3, 0.000199137865799665, 0.0155812900884789, 234.767312642842, 231.767312642842, 0, 98.722138969762, 
14, 4, 3, Non-Forest, Cropland, 0, 0, 0.0111535196179101, 168.045846859134, 168.045846859134, 0, 100, 
14, 4, 4, Non-Forest, Non-Forest, 0, 0, 0.00496436449659186, 0, 0, 0, 0, 
15, 1, 1, Forest, Forest, 0, 0, 0.0263634116276122, 0, 0, 0, 0, 
15, 1, 2, Forest, Other Vegetation, 1300, 0.249091295792082, 0.0561802747541425, 292.637229361311, 1007.36277063869, 77.4894438952837, 0, 
15, 1, 3, Forest, Cropland, 53, 0.0101552605207541, 0.00928239663680829, 48.4441266813717, 4.55587331862834, 8.59598739363839, 0, 
15, 1, 4, Forest, Non-Forest, 2, 0.000383217378141664, 0.00618726847205405, 32.2930428494854, 30.2930428494854, 0, 93.8067155538058, 
15, 2, 1, Other Vegetation, Forest, 458, 0.0857098478369492, 0.0263634116276122, 140.792163199694, 317.207836800306, 69.2593530131672, 0, 
15, 2, 2, Other Vegetation, Other Vegetation, 0, 0, 0.0561802747541425, 0, 0, 0, 0, 
15, 2, 3, Other Vegetation, Cropland, 166, 0.0310651413557501, 0.00928239663680829, 49.5907019196452, 116.409298080355, 70.1260831809366, 0, 
15, 2, 4, Other Vegetation, Non-Forest, 5, 0.000935697028787655, 0.00618726847205405, 33.0640860803028, 28.0640860803028, 0, 84.8778520965119, 
15, 3, 1, Cropland, Forest, 22, 0.00661839251279305, 0.0263634116276122, 87.6511335675774, 65.6511335675774, 0, 74.9004957442582, 
15, 3, 2, Cropland, Other Vegetation, 1, 0.000300836023308775, 0.0561802747541425, 186.851577829062, 185.851577829062, 0, 99.4648158652881, 
15, 3, 3, Cropland, Cropland, 0, 0, 0.00928239663680829, 0, 0, 0, 0, 
15, 3, 4, Cropland, Non-Forest, 79, 0.0237660458413932, 0.00618726847205405, 20.563297874254, 58.436702125746, 73.9705090199317, 0, 
15, 4, 1, Non-Forest, Forest, 146, 0.00969166563222519, 0.0263634116276122, 397.217580354837, 251.217580354837, 0, 63.244325724562, 
15, 4, 2, Non-Forest, Other Vegetation, 26, 0.00172591305779353, 0.0561802747541425, 846.788308357817, 820.788308357817, 0, 96.9295749901859, 
15, 4, 3, Non-Forest, Cropland, 19, 0.00126124415761835, 0.00928239663680829, 139.845788696658, 120.845788696658, 0, 86.4136058889744, 
15, 4, 4, Non-Forest, Non-Forest, 0, 0, 0.00618726847205405, 0, 0, 0, 0, 
16, 1, 1, Forest, Forest, 0, 0, 0.0201243499582357, 0, 0, 0, 0, 
16, 1, 2, Forest, Other Vegetation, 1127, 0.216245049580941, 0.0478965130406832, 249.200863906178, 877.799136093822, 77.88812210238, 0, 
16, 1, 3, Forest, Cropland, 42, 0.00805882172351334, 0.00783975081293536, 40.8581830011515, 1.14181699884851, 2.71861190202026, 0, 
16, 1, 4, Forest, Non-Forest, 32, 0.00614005464648635, 0.00848886663558878, 44.2422956995204, 12.2422956995204, 0, 27.6710227305251, 
16, 2, 1, Other Vegetation, Forest, 347, 0.0648526611084011, 0.0201243499582357, 107.628973780021, 239.371026219979, 68.9830046743455, 0, 
16, 2, 2, Other Vegetation, Other Vegetation, 0, 0, 0.0478965130406832, 0, 0, 0, 0, 
16, 2, 3, Other Vegetation, Cropland, 143, 0.0267260246066322, 0.00783975081293536, 41.9393694005748, 101.060630599425, 70.6717696499477, 0, 
16, 2, 4, Other Vegetation, Non-Forest, 3, 0.000560685830908367, 0.00848886663558878, 45.4240462524228, 42.4240462524228, 0, 93.3955685424215, 
16, 3, 1, Cropland, Forest, 39, 0.0117278066295186, 0.0201243499582357, 66.9277373572168, 27.9277373572168, 0, 41.7281959020319, 
16, 3, 2, Cropland, Other Vegetation, 2, 0.000601425981000953, 0.0478965130406832, 159.351867418577, 157.351867418577, 0, 98.7449158692653, 
16, 3, 3, Cropland, Cropland, 0, 0, 0.00783975081293536, 0, 0, 0, 0, 
16, 3, 4, Cropland, Non-Forest, 83, 0.0249591782115396, 0.00848886663558878, 28.2244819553103, 54.7755180446897, 65.9946000538431, 0, 
16, 4, 1, Non-Forest, Forest, 92, 0.00610750266871312, 0.0201243499582357, 303.184437630171, 211.184437630171, 0, 69.655434586579, 
16, 4, 2, Non-Forest, Other Vegetation, 2, 0.000132771797145937, 0.0478965130406832, 721.831024358002, 719.831024358002, 0, 99.7229268440244, 
16, 4, 3, Non-Forest, Cropland, 16, 0.0010621743771675, 0.00783975081293536, 118.101620498226, 102.101620498226, 0, 86.4523450800234, 
16, 4, 4, Non-Forest, Non-Forest, 0, 0, 0.00848886663558878, 0, 0, 0, 0, 
17, 1, 1, Forest, Forest, 0, 0, 0.0151097137782492, 0, 0, 0, 0, 
17, 1, 2, Forest, Other Vegetation, 1400, 0.269000566822623, 0.0604904555973369, 314.162723718091, 1085.83727628191, 77.5598054487078, 0, 
17, 1, 3, Forest, Cropland, 91, 0.0174850368434705, 0.0059287458362262, 30.8522952628073, 60.1477047371927, 66.0963788320799, 0, 
17, 1, 4, Forest, Non-Forest, 14, 0.00269000566822623, 0.00733787610212021, 38.1913844134952, 24.1913844134952, 0, 63.3425176515649, 
17, 2, 1, Other Vegetation, Forest, 240, 0.0448014455933111, 0.0151097137782492, 80.9182466210585, 159.081753378942, 66.2840639078923, 0, 
17, 2, 2, Other Vegetation, Other Vegetation, 0, 0, 0.0604904555973369, 0, 0, 0, 0, 
17, 2, 3, Other Vegetation, Cropland, 45, 0.00840027104874584, 0.0059287458362262, 31.7593285765329, 13.2406714234671, 29.4237142743712, 0, 
17, 2, 4, Other Vegetation, Non-Forest, 6, 0.00112003613983278, 0.00733787610212021, 39.3112264793021, 33.3112264793021, 0, 84.73718441942, 
17, 3, 1, Cropland, Forest, 14, 0.00420900727556972, 0.0151097137782492, 50.2634092665588, 36.2634092665588, 0, 72.1467361560083, 
17, 3, 2, Cropland, Other Vegetation, 17, 0.00511093740604894, 0.0604904555973369, 201.314846298121, 184.314846298121, 0, 91.5555159926828, 
17, 3, 3, Cropland, Cropland, 0, 0, 0.0059287458362262, 0, 0, 0, 0, 
17, 3, 4, Cropland, Non-Forest, 82, 0.0246527568997655, 0.00733787610212021, 24.4030170956282, 57.5969829043718, 70.240223054112, 0, 
17, 4, 1, Non-Forest, Forest, 105, 0.00697048233082307, 0.0151097137782492, 227.624003828934, 122.624003828934, 0, 53.8712973000376, 
17, 4, 2, Non-Forest, Other Vegetation, 11, 0.000730241006086227, 0.0604904555973369, 911.744051880345, 900.744051880345, 0, 98.7935210569991, 
17, 4, 3, Non-Forest, Cropland, 16, 0.00106216873612542, 0.0059287458362262, 89.3121279686444, 73.3121279686444, 0, 82.0852997639724, 
17, 4, 4, Non-Forest, Non-Forest, 0, 0, 0.00733787610212021, 0, 0, 0, 0, 
18, 1, 1, Forest, Forest, 0, 0, 0.0139665920800168, 0, 0, 0, 0, 
18, 1, 2, Forest, Other Vegetation, 2483, 0.478144575668353, 0.105909307050534, 547.936560140208, 1935.06343985979, 77.932478447837, 0, 
18, 1, 3, Forest, Cropland, 129, 0.0248411801293667, 0.0101414300430504, 52.6566024870089, 76.3433975129911, 59.1809283046443, 0, 
18, 1, 4, Forest, Non-Forest, 21, 0.00404391304431551, 0.00863260910538833, 44.8311100047627, 23.8311100047627, 0, 53.1575283374224, 
18, 2, 1, Other Vegetation, Forest, 311, 0.0579322472123599, 0.0139665920800168, 74.9444460105294, 236.055553989471, 75.9021073921127, 0, 
18, 2, 2, Other Vegetation, Other Vegetation, 0, 0, 0.105909307050534, 0, 0, 0, 0, 
18, 2, 3, Other Vegetation, Cropland, 115, 0.0214218920560173, 0.0101414300430504, 54.4365025525838, 60.5634974474162, 52.6639108238402, 0, 
18, 2, 4, Other Vegetation, Non-Forest, 6, 0.00111766393335743, 0.00863260910538833, 46.3462637000542, 40.3462637000542, 0, 87.0539725945741, 
18, 3, 1, Cropland, Forest, 7, 0.00210425691173243, 0.0139665920800168, 46.4666376917572, 39.4666376917572, 0, 84.9354281959554, 
18, 3, 2, Cropland, Other Vegetation, 4, 0.00120243252098996, 0.105909307050534, 352.686132808274, 348.686132808274, 0, 98.8658471008911, 
18, 3, 3, Cropland, Cropland, 0, 0, 0.0101414300430504, 0, 0, 0, 0, 
18, 3, 4, Cropland, Non-Forest, 93, 0.0279565561130166, 0.00863260910538833, 28.7116013577389, 64.2883986422611, 69.1273103680227, 0, 
18, 4, 1, Non-Forest, Forest, 14, 0.0009294161540494, 0.0139665920800168, 210.409280834612, 196.409280834612, 0, 93.3463011020866, 
18, 4, 2, Non-Forest, Other Vegetation, 12, 0.000796642417756628, 0.105909307050534, 1597.01386935543, 1585.01386935543, 0, 99.2485976339803, 
18, 4, 3, Non-Forest, Cropland, 16, 0.00106218989034217, 0.0101414300430504, 152.776462942382, 136.776462942382, 0, 89.5271825961606, 
18, 4, 4, Non-Forest, Non-Forest, 0, 0, 0.00863260910538833, 0, 0, 0, 0, 
19, 1, 1, Forest, Forest, 0, 0, 0.0231150515969979, 0, 0, 0, 0, 
19, 1, 2, Forest, Other Vegetation, 1305, 0.252418771445924, 0.057009568190697, 294.162053005851, 1010.83794699415, 77.4588465129616, 0, 
19, 1, 3, Forest, Cropland, 174, 0.0336558361927899, 0.00787959049534149, 40.7268238885878, 133.273176111412, 76.5937793743748, 0, 
19, 1, 4, Forest, Non-Forest, 6, 0.00116054607561345, 0.00690647482014389, 35.7083884930182, 29.7083884930182, 0, 83.1972254889824, 
19, 2, 1, Other Vegetation, Forest, 420, 0.0779363927697295, 0.0231150515969979, 124.498938984014, 295.501061015986, 70.3573954799966, 0, 
19, 2, 2, Other Vegetation, Other Vegetation, 0, 0, 0.057009568190697, 0, 0, 0, 0, 
19, 2, 3, Other Vegetation, Cropland, 22, 0.0040823824784144, 0.00787959049534149, 42.4648045180919, 20.4648045180919, 0, 48.1923907347154, 
19, 2, 4, Other Vegetation, Non-Forest, 3, 0.000556688519783782, 0.00690647482014389, 37.2214253646295, 34.2214253646295, 0, 91.9401259607569, 
19, 3, 1, Cropland, Forest, 52, 0.0156242957799378, 0.0231150515969979, 76.9361229702394, 24.9361229702394, 0, 32.4114629221507, 
19, 3, 2, Cropland, Other Vegetation, 30, 0.00901401679611796, 0.057009568190697, 189.827511347938, 159.827511347938, 0, 84.1961790538293, 
19, 3, 3, Cropland, Cropland, 0, 0, 0.00787959049534149, 0, 0, 0, 0, 
19, 3, 4, Cropland, Non-Forest, 87, 0.0261406487087421, 0.00690647482014389, 22.9813627415994, 64.0186372584006, 73.5846405268972, 0, 
19, 4, 1, Non-Forest, Forest, 78, 0.00517790759426447, 0.0231150515969979, 348.267609754621, 270.267609754621, 0, 77.6034297145932, 
19, 4, 2, Non-Forest, Other Vegetation, 9, 0.000597450876261285, 0.057009568190697, 859.27687439918, 850.27687439918, 0, 98.9526076788354, 
19, 4, 3, Non-Forest, Cropland, 6, 0.00039830058417419, 0.00787959049534149, 118.707032074411, 112.707032074411, 0, 94.9455395395288, 
19, 4, 4, Non-Forest, Non-Forest, 0, 0, 0.00690647482014389, 0, 0, 0, 0, 
20, 1, 1, Forest, Forest, 0, 0, 0.0140316266142147, 0, 0, 0, 0, 
20, 1, 2, Forest, Other Vegetation, 241, 0.0466997246460219, 0.0103538996859883, 53.4132227897652, 187.586777210235, 77.8368370166949, 0, 
20, 1, 3, Forest, Cropland, 15, 0.00290662186593497, 0.0102982112319157, 53.1491865135716, 38.1491865135716, 0, 71.7775548715694, 
20, 1, 4, Forest, Non-Forest, 2, 0.000387549582124663, 0.00913671036700079, 47.1553073309014, 45.1553073309014, 0, 95.7586958643585, 
20, 2, 1, Other Vegetation, Forest, 295, 0.0546498703223416, 0.0140316266142147, 75.7119507832553, 219.288049216745, 74.3349319378796, 0, 
20, 2, 2, Other Vegetation, Other Vegetation, 0, 0, 0.0103538996859883, 0, 0, 0, 0, 
20, 2, 3, Other Vegetation, Cropland, 249, 0.0461281956280104, 0.0102982112319157, 55.5698243818096, 193.43017561819, 77.6828014530885, 0, 
20, 2, 4, Other Vegetation, Non-Forest, 8, 0.00148203038162282, 0.00913671036700079, 49.3237381913416, 41.3237381913416, 0, 83.7806291790667, 
20, 3, 1, Cropland, Forest, 7, 0.00210306205835697, 0.0140316266142147, 46.7095604501339, 39.7095604501339, 0, 85.0137746265606, 
20, 3, 2, Cropland, Other Vegetation, 3, 0.000901312310724415, 0.0103538996859883, 34.4660059855132, 31.4660059855132, 0, 91.2957712557093, 
20, 3, 3, Cropland, Cropland, 0, 0, 0.0102982112319157, 0, 0, 0, 0, 
20, 3, 4, Cropland, Non-Forest, 117, 0.0351511801182522, 0.00913671036700079, 30.4034456459957, 86.5965543540043, 74.0141490205165, 0, 
20, 4, 1, Non-Forest, Forest, 32, 0.0021242655517813, 0.0140316266142147, 211.398016725189, 179.398016725189, 0, 84.8626772872713, 
20, 4, 2, Non-Forest, Other Vegetation, 0, 0, 0.0103538996859883, 155.987606286996, 155.987606286996, 0, 100, 
20, 4, 3, Non-Forest, Cropland, 0, 0, 0.0102982112319157, 155.148540468336, 155.148540468336, 0, 100, 
20, 4, 4, Non-Forest, Non-Forest, 0, 0, 0.00913671036700079, 0, 0, 0, 0, 
21, 1, 1, Forest, Forest, 0, 0, 0.0118894524592051, 0, 0, 0, 0, 
21, 1, 2, Forest, Other Vegetation, 483, 0.093579442747012, 0.0210020925721326, 108.321300213502, 374.678699786498, 77.5732297694612, 0, 
21, 1, 3, Forest, Cropland, 72, 0.0139497305958279, 0.00331588915567709, 17.1127771297492, 54.8872228702508, 76.2322539864595, 0, 
21, 1, 4, Forest, Non-Forest, 27, 0.00523114897343545, 0.0179868796505077, 92.84914496579, 65.84914496579, 0, 70.9205722788852, 
21, 2, 1, Other Vegetation, Forest, 246, 0.0455984518769509, 0.0118894524592051, 64.1210204464074, 181.878979553593, 73.9345445339807, 0, 
21, 2, 2, Other Vegetation, Other Vegetation, 0, 0, 0.0210020925721326, 0, 0, 0, 0, 
21, 2, 3, Other Vegetation, Cropland, 13, 0.00240967428618033, 0.00331588915567709, 17.8891188415069, 4.88911884150695, 0, 27.3301266810473, 
21, 2, 4, Other Vegetation, Non-Forest, 10, 0.0018535956047541, 0.0179868796505077, 97.0534349606952, 87.0534349606952, 0, 89.6963976555288, 
21, 3, 1, Cropland, Forest, 17, 0.00510533507515354, 0.0118894524592051, 39.5927794290535, 22.5927794290535, 0, 57.0628780167799, 
21, 3, 2, Cropland, Other Vegetation, 12, 0.0036037659354025, 0.0210020925721326, 69.9459878213199, 57.9459878213199, 0, 82.8439051705803, 
21, 3, 3, Cropland, Cropland, 0, 0, 0.00331588915567709, 0, 0, 0, 0, 
21, 3, 4, Cropland, Non-Forest, 213, 0.0639668453533943, 0.0179868796505077, 59.8660671880442, 153.133932811956, 71.8938651699323, 0, 
21, 4, 1, Non-Forest, Forest, 20, 0.00132758224703916, 0.0118894524592051, 179.133283584974, 159.133283584974, 0, 88.8351290169296, 
21, 4, 2, Non-Forest, Other Vegetation, 0, 0, 0.0210020925721326, 316.462568318881, 316.462568318881, 0, 100, 
21, 4, 3, Non-Forest, Cropland, 0, 0, 0.00331588915567709, 49.9554602801824, 49.9554602801824, 0, 100, 
21, 4, 4, Non-Forest, Non-Forest, 0, 0, 0.0179868796505077, 0, 0, 0, 0, 
22, 1, 1, Forest, Forest, 0, 0, 0.0712017340457707, 0, 0, 0, 0, 
22, 1, 2, Forest, Other Vegetation, 1533, 0.29718517369727, 0.0664493554921708, 341.980930875592, 1191.01906912441, 77.6920462573, 0, 
22, 1, 3, Forest, Cropland, 276, 0.0535049627791563, 0.0135358008279073, 69.7951635147128, 206.204836485287, 74.711897277278, 0, 
22, 1, 4, Forest, Non-Forest, 287, 0.0556374069478908, 0.0428158587062271, 220.832995579079, 66.1670044209212, 23.0547053731433, 0, 
22, 2, 1, Other Vegetation, Forest, 1407, 0.260691694551599, 0.0712017340457707, 383.559867836132, 1023.44013216387, 72.739170729486, 0, 
22, 2, 2, Other Vegetation, Other Vegetation, 0, 0, 0.0664493554921708, 0, 0, 0, 0, 
22, 2, 3, Other Vegetation, Cropland, 24, 0.0044467666448034, 0.0135358008279073, 73.0617944191399, 49.06179441914, 0, 67.1510942335783, 
22, 2, 4, Other Vegetation, Non-Forest, 25, 0.00463204858833687, 0.0428158587062271, 231.173171105705, 206.173171105705, 0, 89.1855962867903, 
22, 3, 1, Cropland, Forest, 151, 0.0453687790690687, 0.0712017340457707, 237.040569767515, 86.0405697675152, 0, 36.2978243985416, 
22, 3, 2, Cropland, Other Vegetation, 13, 0.00390592137680724, 0.0664493554921708, 221.300475220753, 208.300475220753, 0, 94.1256339431571, 
22, 3, 3, Cropland, Cropland, 0, 0, 0.0135358008279073, 0, 0, 0, 0, 
22, 3, 4, Cropland, Non-Forest, 283, 0.0850289038181884, 0.0428158587062271, 142.442985522041, 140.557014477959, 49.6667895681834, 0, 
22, 4, 1, Non-Forest, Forest, 137, 0.00909255021477002, 0.0712017340457707, 1073.48325567025, 936.483255670246, 0, 87.2378074575125, 
22, 4, 2, Non-Forest, Other Vegetation, 20, 0.00132737959339708, 0.0664493554921708, 1001.86348697899, 981.863486978985, 0, 98.0037200417087, 
22, 4, 3, Non-Forest, Cropland, 47, 0.00311934204448314, 0.0135358008279073, 203.968948102488, 156.968948102488, 0, 76.9572768613858, 
22, 4, 4, Non-Forest, Non-Forest, 0, 0, 0.0428158587062271, 0, 0, 0, 0, 
