SOURCE_ID,n,GiZScore,GiPValue,NNeighbors,Gi_Bin
"0","2",-2.17141413114,0.02989988167,"15","-2"
"1","3",-2.51214780580,0.01199988173,"19","-2"
"2","7",-2.31644313485,0.02053408589,"17","-2"
"3","1",-2.51923610849,0.01176097625,"20","-2"
"4","2",-2.51923610849,0.01176097625,"20","-2"
"5","2",-2.60990353153,0.00905677586,"22","-3"
"6","2",-2.43379528844,0.01494144268,"19","-2"
"7","1",-2.71566955370,0.00661418985,"24","-3"
"8","3",-2.72438686406,0.00644209975,"25","-3"
"9","1",-2.67217503668,0.00753613273,"23","-3"
"10","2",-1.77955547879,0.07514873785,"9","-1"
"11","2",-2.04980618776,0.04038334755,"14","-2"
"12","1",-1.54455983492,0.12245276773,"33","0"
"13","2",-1.39950371430,0.16166198531,"30","0"
"14","1",-2.14088318800,0.03228345923,"14","-2"
"15","1",-1.48761587366,0.13685222479,"38","0"
"16","1",-1.65960330540,0.09699428295,"40","-1"
"17","1",-2.33384656636,0.01960375749,"35","-2"
"18","2",-1.94710902842,0.05152166484,"24","-1"
"19","8",-2.02238602045,0.04313648814,"25","-2"
"20","1",-1.16964459368,0.24214404411,"4","0"
"21","3",-1.22029106487,0.22235457858,"43","0"
"22","1",-1.14573069661,0.25190661776,"42","0"
"23","2",-1.18265205014,0.23694709595,"40","0"
"24","1",-2.60990353153,0.00905677586,"22","-3"
"25","2",-2.06200983679,0.03920679946,"26","-2"
"26","2",-2.06200983679,0.03920679946,"26","-2"
"27","8",-2.06200983679,0.03920679946,"26","-2"
"28","1",-1.16964459368,0.24214404411,"4","0"
"29","3",-2.06797523783,0.03864235163,"27","-2"
"30","1",-2.06200983679,0.03920679946,"26","-2"
"31","7",-2.06200983679,0.03920679946,"26","-2"
"32","1",-2.06200983679,0.03920679946,"26","-2"
"33","1",-2.02238602045,0.04313648814,"25","-2"
"34","1",-1.02143766218,0.30704714357,"28","0"
"35","1",-1.20057211317,0.22991724577,"33","0"
"36","4",-1.38449427648,0.16620715944,"44","0"
"37","2",-2.90067690243,0.00372357594,"28","-3"
"38","8",-2.06797523783,0.03864235163,"27","-2"
"39","2",-2.06200983679,0.03920679946,"26","-2"
"40","5",-1.15570414946,0.24780221010,"33","0"
"41","2",-2.84841294389,0.00439378724,"32","-3"
"42","1",-2.82109098701,0.00478606261,"31","-3"
"43","2",-2.32029038157,0.02032517409,"29","-2"
"44","6",-2.09733108518,0.03596427695,"29","-2"
"45","5",-2.05743241756,0.03964464954,"30","-2"
"46","1",-2.11325674921,0.03457879844,"29","-2"
"47","1",-2.06200983679,0.03920679946,"26","-2"
"48","1",-2.06200983679,0.03920679946,"26","-2"
"49","15",-1.94710902842,0.05152166484,"24","-1"
"50","3",-1.86256302464,0.06252377059,"22","-1"
"51","1",-0.46428658706,0.64244243396,"25","0"
"52","3",-0.74364964279,0.45708846781,"29","0"
"53","3",-0.88325610111,0.37709792596,"34","0"
"54","4",-1.09172484428,0.27495407867,"39","0"
"55","3",-1.15041541224,0.24997283478,"41","0"
"56","1",-1.25977406303,0.20775090364,"43","0"
"57","1",-1.19627922886,0.23158763330,"40","0"
"58","1",-2.81581880664,0.00486530980,"33","-3"
"59","2",-2.96537868566,0.00302310551,"33","-3"
"60","5",-3.16236411798,0.00156493752,"35","-3"
"61","3",-2.77328899263,0.00554928155,"43","-3"
"62","2",-2.65214003533,0.00799833618,"47","-3"
"63","10",0.16124352084,0.87190160494,"56","0"
"64","1",-0.37239815027,0.70959643171,"56","0"
"65","3",-0.07631332283,0.93916982667,"50","0"
"66","1",0.29602385989,0.76721186041,"34","0"
"67","1",-2.03810743571,0.04153918971,"33","-2"
"68","1",-2.15042662061,0.03152148453,"27","-2"
"69","13",-1.98204359775,0.04747436131,"24","-2"
"70","11",-0.63197385735,0.52740396372,"32","0"
"71","32",-0.94283957650,0.34576297648,"38","0"
"72","32",-0.99516282928,0.31965709016,"39","0"
"73","14",-0.99516282928,0.31965709016,"39","0"
"74","28",-1.11001732396,0.26699157914,"41","0"
"75","4",-1.11001732396,0.26699157914,"41","0"
"76","5",-0.89860081428,0.36886533483,"39","0"
"77","1",-0.79029748484,0.42935406232,"37","0"
"78","2",-1.05458856053,0.29161355337,"38","0"
"79","2",-2.77980497279,0.00543915536,"41","-3"
"80","6",-2.63987439411,0.00829367593,"45","-3"
"81","1",-2.18166660554,0.02913414725,"51","-2"
"82","2",-2.05149853674,0.04021842199,"54","-2"
"83","4",-1.25100180959,0.21093384155,"57","0"
"84","5",0.30763226673,0.75836216526,"53","0"
"85","1",0.15344030807,0.87805106003,"49","0"
"86","2",0.07713795185,0.93851380172,"45","0"
"87","2",0.12885738323,0.89747049873,"41","0"
"88","4",-0.85658439141,0.39167462369,"33","0"
"89","1",-1.54154166115,0.12318501158,"11","0"
"90","2",-2.09201806113,0.03643690008,"34","-2"
"91","1",-1.16964459368,0.24214404411,"4","0"
"92","3",-0.81859703389,0.41301636754,"37","0"
"93","14",-0.81859703389,0.41301636754,"37","0"
"94","17",-0.84505921547,0.39807778647,"38","0"
"95","2",-0.81712196947,0.41385873677,"38","0"
"96","5",-0.67688771715,0.49847720233,"36","0"
"97","5",-0.79029748484,0.42935406232,"37","0"
"98","13",-1.02665131453,0.30458469625,"38","0"
"99","4",-1.39873778938,0.16189162772,"37","0"
"100","1",-2.54486952583,0.01093185766,"37","-2"
"101","3",-2.65362527049,0.00796322062,"35","-3"
"102","1",-2.51669904859,0.01184599662,"33","-2"
"103","5",0.53153549136,0.59504775593,"59","0"
"104","16",0.33654293444,0.73646148126,"57","0"
"105","8",-0.02580328490,0.97941424175,"53","0"
"106","10",-0.15618633411,0.87588614839,"51","0"
"107","2",-0.03381962697,0.97302098484,"46","0"
"108","2",-0.00100611237,0.99919723861,"42","0"
"109","5",-1.15819162247,0.24678586621,"37","0"
"110","4",-0.94222009916,0.34607997702,"34","0"
"111","3",-0.47050811476,0.63799203957,"34","0"
"112","19",-0.60413448491,0.54575423723,"35","0"
"113","7",-0.80444725937,0.42113872423,"37","0"
"114","6",-0.97424455366,0.32993514012,"37","0"
"115","6",-2.19112516273,0.02844273629,"37","-2"
"116","2",-3.14988201113,0.00163336413,"38","-3"
"117","1",-2.70961080030,0.00673622015,"46","-3"
"118","1",-1.90672681255,0.05655597302,"57","-1"
"119","2",-1.65244279103,0.09844431842,"61","-1"
"120","1",-1.24346515356,0.21369649809,"39","0"
"121","4",-1.16964459368,0.24214404411,"4","0"
"122","2",-0.85630668312,0.39182817433,"2","0"
"123","2",2.13229703716,0.03298243548,"46","2"
"124","1",-2.66562806563,0.00768446571,"45","-3"
"125","1",-2.18133164917,0.02915889513,"54","-2"
"126","6",-1.55090919671,0.12092344615,"59","0"
"127","1",-1.55849695259,0.11911548983,"62","0"
"128","2",-0.65228235679,0.51421904363,"67","0"
"129","1",-0.53074450773,0.59559584129,"69","0"
"130","6",3.85392917755,0.00011623723,"50","3"
"131","4",2.73116458547,0.00631109455,"46","3"
"132","3",-1.50928692784,0.13122547385,"56","0"
"133","1",-1.44482096470,0.14850818078,"60","0"
"134","3",-1.60999281979,0.10739942381,"65","0"
"135","3",-0.47463261953,0.63504885358,"68","0"
"136","6",-0.58613145291,0.55778718417,"70","0"
"137","3",-0.42296009236,0.67232437915,"71","0"
"138","2",-0.44473003614,0.65651486170,"74","0"
"139","3",0.50034473535,0.61683236152,"88","0"
"140","1",0.53791506450,0.59063569000,"88","0"
"141","1",0.76786176170,0.44256932340,"82","0"
"142","6",4.27292997582,0.00001929211,"46","3"
"143","10",3.90690283313,0.00009348673,"51","3"
"144","9",3.70837045112,0.00020859733,"54","3"
"145","1",-0.85630668312,0.39182817433,"2","0"
"146","1",-1.44656891573,0.14801769740,"57","0"
"147","2",-1.47005197438,0.14154767798,"62","0"
"148","9",-0.47822030870,0.63249341097,"66","0"
"149","6",-0.53074450773,0.59559584129,"69","0"
"150","6",-0.42948434939,0.66757078224,"70","0"
"151","6",-0.31460980681,0.75305793274,"70","0"
"152","8",-0.18155105798,0.85593506056,"78","0"
"153","9",0.07829600044,0.93759259889,"85","0"
"154","7",0.46370415468,0.64285972164,"89","0"
"155","4",0.56648883758,0.57106152162,"89","0"
"156","102",0.37167764984,0.71013286839,"90","0"
"157","3",0.33768938453,0.73559727583,"92","0"
"158","17",0.76157086735,0.44631617401,"91","0"
"159","8",0.54636901439,0.58481230734,"86","0"
"160","6",0.55440010342,0.57930505785,"82","0"
"161","1",0.57293207875,0.56669068622,"76","0"
"162","1",4.61036304716,0.00000401966,"51","3"
"163","2",4.19516129141,0.00002726775,"55","3"
"164","1",-1.87723988976,0.06048522261,"24","-1"
"165","2",-1.87723988976,0.06048522261,"24","-1"
"166","3",-1.83392734337,0.06666478008,"23","-1"
"167","1",-2.00838556257,0.04460233589,"22","-2"
"168","11",-1.41477386300,0.15713480978,"62","0"
"169","26",-0.33866399402,0.73486286857,"66","0"
"170","14",-0.40711154194,0.68392606766,"67","0"
"171","8",-0.16690237595,0.86744686370,"66","0"
"172","26",-0.09875227623,0.92133496125,"74","0"
"173","18",0.01739644913,0.98612034191,"81","0"
"174","6",0.20917468443,0.83431187431,"88","0"
"175","10",0.56648883758,0.57106152162,"89","0"
"176","8",0.47393786811,0.63554421591,"90","0"
"177","14",0.71532325113,0.47440932978,"91","0"
"178","3",0.66897602267,0.50351077758,"93","0"
"179","3",0.70911576354,0.47825264660,"83","0"
"180","5",0.55351442945,0.57991120524,"79","0"
"181","26",0.26950415012,0.78754174929,"75","0"
"182","1",0.30699007661,0.75885092593,"28","0"
"183","1",4.17056783457,0.00003038416,"47","3"
"184","2",-1.35090040810,0.17672733749,"55","0"
"185","12",-1.40377995244,0.16038438552,"59","0"
"186","13",-0.24870705722,0.80358738970,"61","0"
"187","1",-0.18759979034,0.85119039071,"62","0"
"188","25",-0.02459343399,0.98037925663,"64","0"
"189","3",0.25578860260,0.79811407528,"68","0"
"190","16",0.21894192081,0.82669529065,"75","0"
"191","31",0.22668131789,0.82067155533,"83","0"
"192","5",0.49017842917,0.62400764522,"87","0"
"193","1",0.56690170291,0.57078096983,"90","0"
"194","3",0.61263138567,0.54012010403,"81","0"
"195","30",0.42417415261,0.67143881081,"78","0"
"196","29",0.23916681254,0.81097623593,"75","0"
"197","3",0.50923407708,0.61058816168,"65","0"
"198","15",4.79669762779,0.00000161303,"50","3"
"199","9",4.53611364225,0.00000573003,"52","3"
"200","3",4.18675786593,0.00002829674,"56","3"
"201","1",4.47556611549,0.00000762091,"54","3"
"202","18",4.59619814387,0.00000430270,"52","3"
"203","19",0.32244667021,0.74711433339,"63","0"
"204","5",0.33732338405,0.73587313432,"73","0"
"205","2",0.53340328894,0.59375444354,"78","0"
"206","10",0.88429539349,0.37653678387,"82","0"
"207","13",1.13488821568,0.25642217691,"86","0"
"208","5",1.37219434523,0.17000294531,"86","0"
"209","3",0.59298281785,0.55319265431,"78","0"
"210","5",0.29984148770,0.76429806823,"75","0"
"211","13",0.58370569208,0.55941833993,"69","0"
"212","1",1.22229792704,0.22159500579,"33","0"
"213","1",2.48106971070,0.01309887529,"39","2"
"214","1",0.31798547692,0.75049595384,"60","0"
"215","1",0.59734939128,0.55027413806,"62","0"
"216","2",0.58309595251,0.55982871120,"73","0"
"217","17",1.28515876340,0.19873681032,"74","0"
"218","5",1.03367899470,0.30128627076,"73","0"
"219","2",0.81156205673,0.41704297831,"71","0"
"220","3",0.59489091874,0.55191639107,"67","0"
"221","4",0.69684999176,0.48589668143,"62","0"
"222","1",-0.37239815027,0.70959643171,"56","0"
"223","6",4.90061664322,0.00000095536,"49","3"
"224","14",4.79669762779,0.00000161303,"50","3"
"225","3",4.55893555003,0.00000514135,"53","3"
"226","62",4.61847761282,0.00000386566,"53","3"
"227","62",4.65628264549,0.00000321970,"52","3"
"228","1",5.52295554413,0.00000003333,"42","3"
"229","6",1.45028089285,0.14698020507,"70","0"
"230","30",1.35259988298,0.17618348987,"65","0"
"231","8",1.02099182289,0.30725832706,"64","0"
"232","3",0.92430106830,0.35532959752,"60","0"
"233","4",-0.02138077872,0.98294190642,"54","0"
"234","3",-0.35688526209,0.72117770396,"47","0"
"235","2",-0.79896584332,0.42431022508,"32","0"
"236","8",4.29841370128,0.00001720249,"46","3"
"237","1",4.79669762779,0.00000161303,"50","3"
"238","6",4.78016378848,0.00000175152,"51","3"
"239","19",4.54702713747,0.00000544090,"53","3"
"240","19",4.32386736460,0.00001533175,"55","3"
"241","6",4.20995967772,0.00002554163,"56","3"
"242","8",4.33556791671,0.00001453843,"55","3"
"243","104",4.39407067725,0.00001112476,"55","3"
"244","142",4.55798685453,0.00000516463,"56","3"
"245","6",5.36913948923,0.00000007911,"27","3"
"246","2",3.18269340537,0.00145912030,"25","3"
"247","6",0.70791824072,0.47899603660,"24","0"
"248","2",-2.39298025488,0.01671214043,"32","-2"
"249","4",1.45814764335,0.14479985154,"74","0"
"250","30",1.42939461238,0.15289084605,"70","0"
"251","5",1.26086607429,0.20735712786,"66","0"
"252","2",1.10149895074,0.27067957831,"63","0"
"253","2",1.14732052180,0.25124919490,"56","0"
"254","7",0.06946401557,0.94462027486,"53","0"
"255","1",-0.07837608231,0.93752889855,"52","0"
"256","1",-0.74640816722,0.45542089303,"42","0"
"257","6",-1.05473174983,0.29154804211,"35","0"
"258","4",-0.98903698563,0.32264505924,"28","0"
"259","2",-1.73750161244,0.08229866966,"24","-1"
"260","2",-2.49382446363,0.01263750241,"23","-2"
"261","8",4.05231795126,0.00005071268,"57","3"
"262","78",4.17515696004,0.00002977807,"56","3"
"263","37",4.20995967772,0.00002554163,"56","3"
"264","8",4.22156058361,0.00002426167,"56","3"
"265","1",4.54638594863,0.00000545749,"56","3"
"266","5",4.76433067255,0.00000189482,"59","3"
"267","1",0.81272194872,0.41637750173,"24","0"
"268","3",0.64514562196,0.51883282528,"23","0"
"269","2",-1.71411202029,0.08650815461,"40","-1"
"270","7",-1.74006980213,0.08184676200,"39","-1"
"271","7",-2.33262290797,0.01966794554,"37","-2"
"272","2",-2.52280670971,0.01164223743,"35","-2"
"273","8",-2.44580204943,0.01445303288,"34","-2"
"274","11",-2.36713916956,0.01792619057,"33","-2"
"275","3",-2.39298025488,0.01671214043,"32","-2"
"276","6",1.21152050370,0.22569600373,"55","0"
"277","43",0.14994502386,0.88080798939,"52","0"
"278","46",-0.07837608231,0.93752889855,"52","0"
"279","3",0.02567482761,0.97951670189,"48","0"
"280","2",-1.04968920830,0.29386104227,"36","0"
"281","5",4.18049085996,0.00002908805,"54","3"
"282","6",3.93814337783,0.00008211452,"59","3"
"283","5",4.07395498792,0.00004622142,"59","3"
"284","10",3.73968494837,0.00018425104,"61","3"
"285","7",3.97209628035,0.00007124291,"59","3"
"286","4",4.21337321515,0.00002515848,"57","3"
"287","1",0.81272194872,0.41637750173,"24","0"
"288","15",0.79869829256,0.42446538426,"22","0"
"289","14",-0.09346176948,0.92553672025,"20","0"
"290","1",-0.28975667230,0.77200239732,"21","0"
"291","4",-1.16764706732,0.24294917667,"43","0"
"292","2",-1.87763816495,0.06043068104,"40","-1"
"293","2",-1.87983012320,0.06013123364,"37","-1"
"294","3",-2.23978627622,0.02510480126,"36","-2"
"295","11",-2.33384656636,0.01960375749,"35","-2"
"296","2",-2.36713916956,0.01792619057,"33","-2"
"297","3",-1.02473840402,0.30548665140,"3","0"
"298","3",1.20532505127,0.22807786445,"56","0"
"299","3",0.20045655371,0.84112353357,"53","0"
"300","14",0.21980102167,0.82602612407,"51","0"
"301","3",3.38629535927,0.00070843091,"56","3"
"302","3",3.77310722775,0.00016122695,"61","3"
"303","17",5.12843116133,0.00000029217,"63","3"
"304","13",5.29201893956,0.00000012097,"60","3"
"305","4",5.64475487283,0.00000001654,"61","3"
"306","11",5.37691705438,0.00000007577,"55","3"
"307","6",0.45753041376,0.64728984843,"26","0"
"308","2",-0.46428658706,0.64244243396,"25","0"
"309","9",-0.86689476404,0.38599968168,"30","0"
"310","1",-1.13385309282,0.25685619471,"34","0"
"311","1",-1.30532741991,0.19178138108,"49","0"
"312","1",-1.52767531673,0.12659317150,"44","0"
"313","3",-2.05825931197,0.03956524774,"28","-2"
"314","1",-1.02473840402,0.30548665140,"3","0"
"315","4",-0.48944282171,0.62452822754,"45","0"
"316","1",-1.16321448699,0.24474251032,"44","0"
"317","14",-1.57453491927,0.11536383523,"39","0"
"318","1",-1.38904584960,0.16481880837,"35","0"
"319","1",0.29746880402,0.76610862182,"46","0"
"320","4",-2.17357214698,0.02973728208,"31","-2"
"321","2",-2.63653480631,0.00837576069,"42","-3"
"322","37",4.99823363901,0.00000057858,"68","3"
"323","18",5.11467760196,0.00000031428,"68","3"
"324","4",5.37932297229,0.00000007477,"68","3"
"325","4",5.70083962794,0.00000001192,"67","3"
"326","9",-0.48309794645,0.62902619379,"26","0"
"327","54",-0.78856991841,0.43036342538,"30","0"
"328","17",-1.12740872804,0.25956972905,"35","0"
"329","4",-0.47335899995,0.63595707732,"55","0"
"330","18",-0.51160902099,0.60892467269,"56","0"
"331","1",-0.46641454956,0.64091880058,"53","0"
"332","2",-1.19049421857,0.23385222238,"50","0"
"333","1",-1.87682320732,0.06054232862,"32","-1"
"334","3",-0.45940194360,0.64594555425,"51","0"
"335","7",-1.09796496635,0.27221980472,"48","0"
"336","6",-1.59685069732,0.11029899196,"45","0"
"337","7",-1.56421305435,0.11776754249,"40","0"
"338","2",-1.50556205142,0.13217963640,"39","0"
"339","7",-1.17873587832,0.23850338514,"36","0"
"340","1",-1.26476699166,0.20595489224,"36","0"
"341","1",-1.82286282575,0.06832416944,"38","-1"
"342","1",-1.75227663394,0.07972625185,"36","-1"
"343","8",-0.52012540057,0.60297617772,"42","0"
"344","2",-0.15679582304,0.87540576492,"53","0"
"345","5",-2.25635044817,0.02404869230,"32","-2"
"346","1",-2.96173703237,0.00305908929,"34","-3"
"347","1",-3.16745960489,0.00153777072,"37","-3"
"348","1",-3.14496578608,0.00166106255,"40","-3"
"349","4",5.30460626822,0.00000011292,"74","3"
"350","10",-0.78378475369,0.43316642823,"32","0"
"351","2",-0.08431773931,0.93280380870,"58","0"
"352","1",0.02976474072,0.97625467912,"55","0"
"353","2",-0.75048892872,0.45296029529,"51","0"
"354","3",-0.95300890917,0.34058556846,"45","0"
"355","2",-1.40626997134,0.15964397343,"41","0"
"356","1",0.38718084571,0.69862233024,"47","0"
"357","7",0.38718084571,0.69862233024,"47","0"
"358","9",0.11306903381,0.90997582498,"48","0"
"359","4",-0.36366807513,0.71610588638,"54","0"
"360","5",-1.21137665515,0.22575110461,"51","0"
"361","1",-1.44666805961,0.14798991429,"41","0"
"362","1",-1.87911968827,0.06022815240,"44","-1"
"363","18",-1.98325135391,0.04733936023,"44","-2"
"364","13",-0.86075212095,0.38937458894,"48","0"
"365","2",-0.23548202222,0.81383463097,"50","0"
"366","4",0.36985268053,0.71149226140,"66","0"
"367","2",0.04146529283,0.96692496135,"55","0"
"368","1",-0.00669066825,0.99466165893,"27","0"
"369","1",-3.16745960489,0.00153777072,"37","-3"
"370","2",-3.14496578608,0.00166106255,"40","-3"
"371","6",-3.24476903497,0.00117545922,"46","-3"
"372","2",-0.96880416755,0.33264291914,"51","0"
"373","2",-0.51916400935,0.60364637674,"36","0"
"374","5",-1.35190105875,0.17640696883,"43","0"
"375","6",-1.46487450760,0.14295515908,"58","0"
"376","1",-1.60962215515,0.10748036852,"53","0"
"377","2",-1.27726880997,0.20150738683,"56","0"
"378","6",-0.13950885054,0.88904806265,"65","0"
"379","26",0.32988930629,0.74148360451,"68","0"
"380","10",0.43651415626,0.66246373182,"69","0"
"381","2",-0.08855706893,0.92943392801,"50","0"
"382","5",-0.53842449314,0.59028402287,"44","0"
"383","2",-0.27540918821,0.78300188609,"36","0"
"384","1",-0.16197115340,0.87132857019,"30","0"
"385","2",-0.00669066825,0.99466165893,"27","0"
"386","2",-3.21981488341,0.00128273400,"44","-3"
"387","3",-3.24476903497,0.00117545922,"46","-3"
"388","25",3.89161980315,0.00009957720,"72","3"
"389","5",2.56358668119,0.01035968291,"65","2"
"390","3",-0.36448974676,0.71549232965,"62","0"
"391","6",-0.52116071322,0.60225482174,"66","0"
"392","3",-0.72869217505,0.46618998594,"68","0"
"393","1",-1.91273951935,0.05578140726,"65","-1"
"394","10",-0.81337869356,0.41600097887,"68","0"
"395","5",-0.01944258255,0.98448804085,"68","0"
"396","7",0.27210699998,0.78553974766,"71","0"
"397","16",0.68335491702,0.49438260489,"64","0"
"398","2",0.09664932349,0.92300488534,"54","0"
"399","16",-0.30396991172,0.76115081459,"49","0"
"400","2",-0.34681787142,0.72872815069,"39","0"
"401","1",-0.21810272987,0.82734907063,"29","0"
"402","3",-3.24476903497,0.00117545922,"46","-3"
"403","3",-3.06831260411,0.00215271297,"47","-3"
"404","5",-2.84977129033,0.00437506767,"46","-3"
"405","9",1.36238216521,0.17307730923,"67","0"
"406","19",3.34320783677,0.00082815849,"83","3"
"407","41",3.30385138325,0.00095366373,"78","3"
"408","4",3.58145629038,0.00034168431,"71","3"
"409","4",-0.02589186138,0.97934359155,"61","0"
"410","1",0.40781000897,0.68341316584,"60","0"
"411","4",0.55312690217,0.58017651897,"62","0"
"412","20",0.11998832051,0.90449240001,"65","0"
"413","29",-0.33701702695,0.73610406514,"68","0"
"414","1",-0.62528584245,0.53178347375,"73","0"
"415","8",0.61621012003,0.53775585351,"67","0"
"416","12",0.55265675991,0.58049846994,"64","0"
"417","6",0.32244667021,0.74711433339,"63","0"
"418","19",0.28430127740,0.77617950765,"60","0"
"419","47",-0.05459127785,0.95646408766,"57","0"
"420","36",0.14091449091,0.88793749432,"53","0"
"421","9",-0.19293849258,0.84700713875,"47","0"
"422","9",-0.50681464959,0.61228487835,"42","0"
"423","1",-0.28631429532,0.77463741051,"38","0"
"424","5",-2.93604161665,0.00332429721,"45","-3"
"425","2",-2.62301251310,0.00871560715,"50","-3"
"426","2",-1.54408964552,0.12256661693,"56","0"
"427","2",-0.05493232302,0.95619238070,"62","0"
"428","5",0.48760931282,0.62582659960,"65","0"
"429","1",0.81500667695,0.41506849576,"69","0"
"430","9",1.01166900300,0.31169635482,"70","0"
"431","1",1.19349919764,0.23267394772,"69","0"
"432","10",1.45831857102,0.14475275370,"67","0"
"433","6",1.48234846850,0.13824759795,"65","0"
"434","1",1.78030097483,0.07502671769,"62","1"
"435","2",0.37826613002,0.70523290457,"52","0"
"436","4",0.09664932349,0.92300488534,"54","0"
"437","4",5.10157575088,0.00000033684,"112","3"
"438","2",4.01907299505,0.00005842757,"92","3"
"439","9",0.12947188087,0.89698427349,"57","0"
"440","7",-0.07704356757,0.93858888603,"62","0"
"441","11",0.24103146698,0.80953072845,"66","0"
"442","11",0.66950812325,0.50317140497,"67","0"
"443","7",0.70264081555,0.48227962466,"66","0"
"444","3",0.13444522328,0.89305052324,"70","0"
"445","1",0.24307848867,0.80794459529,"72","0"
"446","4",0.64818892196,0.51686277007,"67","0"
"447","7",0.64979504473,0.51582462419,"65","0"
"448","3",0.55287058417,0.58035203382,"63","0"
"449","2",0.32244667021,0.74711433339,"63","0"
"450","19",0.28430127740,0.77617950765,"60","0"
"451","24",-0.02437097346,0.98055670127,"56","0"
"452","3",0.02574303159,0.97946230097,"51","0"
"453","3",-2.90277303432,0.00369874588,"34","-3"
"454","1",-3.26761039458,0.00108459558,"40","-3"
"455","2",-2.97250217751,0.00295383115,"44","-3"
"456","1",-2.92075840988,0.00349180485,"48","-3"
"457","1",-1.93346843453,0.05317851796,"54","-1"
"458","16",-0.55495738937,0.57892380880,"59","0"
"459","2",-0.22076665716,0.82527412691,"62","0"
"460","1",0.03348926349,0.97328442752,"65","0"
"461","19",0.77295195243,0.43955082314,"69","0"
"462","6",0.91530341379,0.36003237797,"71","0"
"463","20",0.92567754950,0.35461358931,"71","0"
"464","13",1.06054131368,0.28889842084,"71","0"
"465","45",1.36729915801,0.17153155553,"68","0"
"466","28",1.63372181828,0.10231727493,"65","0"
"467","2",1.56556747752,0.11744990876,"64","0"
"468","16",1.99035779808,0.04655153528,"62","2"
"469","1",2.05941610489,0.03945439428,"59","2"
"470","1",1.16780974553,0.24288353650,"95","0"
"471","2",2.65486230580,0.00793407872,"116","3"
"472","1",3.33871199332,0.00084167780,"119","3"
"473","1",1.02211214323,0.30672784068,"70","0"
"474","1",0.79925672572,0.42414157294,"66","0"
"475","1",-0.71776681816,0.47290108140,"78","0"
"476","8",-1.00573454123,0.31454329644,"78","0"
"477","41",0.13301325567,0.89418289717,"62","0"
"478","38",0.35240470722,0.72453477296,"69","0"
"479","15",0.30322940710,0.76171504016,"71","0"
"480","2",0.54172769243,0.58800611210,"70","0"
"481","1",-0.00061389760,0.99951018062,"73","0"
"482","8",0.65884852261,0.50999304901,"67","0"
"483","12",0.59528980425,0.55164977310,"66","0"
"484","2",0.73940422880,0.45966158097,"63","0"
"485","1",0.55287058417,0.58035203382,"63","0"
"486","2",0.32244667021,0.74711433339,"63","0"
"487","9",0.30360730302,0.76142708749,"58","0"
"488","5",-0.18662292182,0.85195629357,"54","0"
"489","3",-2.71317118034,0.00666426708,"31","-3"
"490","9",-2.97340397462,0.00294516544,"35","-3"
"491","3",-3.27804806155,0.00104527597,"41","-3"
"492","1",-3.19378196700,0.00140422130,"44","-3"
"493","1",-3.15495797487,0.00160521225,"43","-3"
"494","1",-2.54552533693,0.01091134450,"51","-2"
"495","1",-1.40055312605,0.16134774627,"57","0"
"496","4",0.81324933854,0.41607512438,"70","0"
"497","36",1.21452655990,0.22454673639,"69","0"
"498","38",1.45831857102,0.14475275370,"67","0"
"499","8",1.56556747752,0.11744990876,"64","0"
"500","19",1.60128467189,0.10931388241,"65","0"
"501","43",1.91346893325,0.05568804696,"63","1"
"502","5",1.89031882287,0.05871533286,"61","1"
"503","8",2.01414556820,0.04399425251,"59","2"
"504","4",1.63091655607,0.10290792782,"64","0"
"505","3",1.30354796901,0.19238775086,"84","0"
"506","10",1.30729273876,0.19111330937,"91","0"
"507","1",1.13623573907,0.25585793576,"97","0"
"508","1",1.36979609187,0.17075056238,"116","0"
"509","15",1.86735752912,0.06185167656,"120","1"
"510","1",2.58283281752,0.00979927955,"123","3"
"511","1",4.70425452596,0.00000254795,"117","3"
"512","1",4.84812840635,0.00000124632,"110","3"
"513","2",0.55217083267,0.58083131830,"70","0"
"514","12",0.00962662609,0.99231918230,"73","0"
"515","3",-0.45490585261,0.64917697363,"74","0"
"516","32",-0.65321277391,0.51361912027,"76","0"
"517","13",-0.86797793323,0.38540642205,"79","0"
"518","14",-1.01477647424,0.31021240444,"75","0"
"519","1",0.31147410288,0.75544022778,"63","0"
"520","28",0.44499838844,0.65632092008,"66","0"
"521","21",0.40596686938,0.68476694469,"70","0"
"522","2",0.27588024193,0.78264005020,"73","0"
"523","20",0.56291211680,0.57349473155,"67","0"
"524","3",0.69304457324,0.48828158435,"65","0"
"525","4",0.68335491702,0.49438260489,"64","0"
"526","8",0.73940422880,0.45966158097,"63","0"
"527","4",0.43026614199,0.66700205455,"60","0"
"528","2",-2.84573078244,0.00443096386,"33","-3"
"529","1",-3.02232117759,0.00250844242,"40","-3"
"530","1",-0.36223033986,0.71717990963,"64","0"
"531","1",-0.10864272387,0.91348587256,"67","0"
"532","5",1.18298551651,0.23681490857,"69","0"
"533","18",1.36729915801,0.17153155553,"68","0"
"534","62",1.71804866081,0.08578773991,"64","1"
"535","35",1.48234846850,0.13824759795,"65","0"
"536","29",1.78339773937,0.07452158098,"64","1"
"537","44",1.99035779808,0.04655153528,"62","2"
"538","19",1.96851125346,0.04900924258,"60","2"
"539","2",1.84763352927,0.06465537581,"63","1"
"540","6",1.76347040380,0.07782118468,"65","1"
"541","8",1.60128467189,0.10931388241,"65","0"
"542","4",-0.00506045121,0.99596236134,"69","0"
"543","11",1.19905577952,0.23050627890,"90","0"
"544","2",1.08232962144,0.27910610493,"97","0"
"545","29",1.58850746427,0.11217163453,"115","0"
"546","65",2.18077490917,0.02920006927,"121","2"
"547","56",2.67918849273,0.00738008363,"128","3"
"548","1",3.32905613016,0.00087140841,"130","3"
"549","4",4.61623479298,0.00000390765,"128","3"
"550","14",5.15251580777,0.00000025701,"124","3"
"551","1",4.83071166060,0.00000136046,"106","3"
"552","4",4.83934307363,0.00000130269,"106","3"
"553","11",4.41484611284,0.00001010819,"105","3"
"554","2",4.41083459935,0.00001029730,"102","3"
"555","7",-0.03911707121,0.96879705052,"71","0"
"556","26",-0.39815492869,0.69051598791,"70","0"
"557","5",-0.60575144890,0.54467981736,"77","0"
"558","4",-0.66568868661,0.50561011056,"77","0"
"559","44",-0.68336387685,0.49437694463,"76","0"
"560","7",-0.95410179907,0.34003212731,"75","0"
"561","2",0.33201445665,0.73987834336,"62","0"
"562","13",0.47679693070,0.63350673318,"65","0"
"563","19",0.56308450086,0.57337734762,"66","0"
"564","11",0.44773943032,0.65434126252,"70","0"
"565","5",0.37706446915,0.70612569599,"72","0"
"566","1",-1.19183358652,0.23332652488,"70","0"
"567","32",0.31774130195,0.75068117954,"67","0"
"568","30",0.60711432537,0.54377504719,"64","0"
"569","2",0.78329449813,0.43345420015,"63","0"
"570","2",0.73940422880,0.45966158097,"63","0"
"571","1",-0.24204808385,0.80874290542,"66","0"
"572","2",0.26637441741,0.78995086592,"68","0"
"573","2",1.21909775062,0.22280711630,"68","0"
"574","9",1.29319845431,0.19594243013,"68","0"
"575","18",1.62290943615,0.10460876610,"65","0"
"576","7",1.65012731730,0.09891689861,"63","1"
"577","10",1.74888042328,0.08031169122,"63","1"
"578","2",1.96824655353,0.04903967620,"62","2"
"579","9",1.90145958267,0.05724184164,"61","1"
"580","3",1.89085719759,0.05864340944,"62","1"
"581","13",1.52559799701,0.12711001127,"65","0"
"582","4",1.85129663642,0.06412688973,"66","1"
"583","10",0.57357171745,0.56625765786,"67","0"
"584","4",0.04750795444,0.96210839077,"69","0"
"585","7",1.22049627593,0.22227682325,"83","0"
"586","21",0.98301229277,0.32560140138,"86","0"
"587","18",1.07605465766,0.28190282884,"91","0"
"588","7",0.94756432734,0.34335130530,"97","0"
"589","15",1.11394198211,0.26530409528,"104","0"
"590","8",1.41573528215,0.15685302420,"111","0"
"591","1",1.83857563411,0.06597762784,"119","1"
"592","5",2.11650774780,0.03430164696,"126","2"
"593","29",2.77062602109,0.00559486453,"131","3"
"594","1",3.25758615406,0.00112364144,"134","3"
"595","4",4.38966069648,0.00001135277,"133","3"
"596","12",4.96409125688,0.00000069023,"135","3"
"597","62",5.51542476605,0.00000003479,"136","3"
"598","37",5.99422744295,0.00000000204,"130","3"
"599","3",5.63551695568,0.00000001745,"124","3"
"600","24",5.37835334084,0.00000007517,"122","3"
"601","5",5.81434685934,0.00000000609,"119","3"
"602","23",5.67884415136,0.00000001356,"117","3"
"603","4",5.04288312462,0.00000045857,"117","3"
"604","1",1.36649940189,0.17178226848,"72","0"
"605","21",0.01596691105,0.98726078949,"69","0"
"606","19",-0.43455421968,0.66388603229,"74","0"
"607","3",1.25334432515,0.21008044818,"54","0"
"608","2",1.20221959643,0.22927848073,"51","0"
"609","2",-0.31051261194,0.75617117066,"40","0"
"610","1",-0.08844511752,0.92952290318,"43","0"
"611","1",0.68737381739,0.49184719726,"48","0"
"612","1",0.16580274645,0.86831218475,"49","0"
"613","11",0.54176524682,0.58798023770,"64","0"
"614","5",0.53087919748,0.59550249632,"66","0"
"615","3",0.63823020877,0.52332383911,"66","0"
"616","2",0.19154541926,0.84809829990,"72","0"
"617","8",-0.62528584245,0.53178347375,"73","0"
"618","2",-0.94009157422,0.34717060170,"67","0"
"619","14",-0.94009157422,0.34717060170,"67","0"
"620","22",-0.72512763468,0.46837373788,"66","0"
"621","4",0.00808110528,0.99355228104,"64","0"
"622","12",0.59799068698,0.54984615032,"61","0"
"623","2",0.85422816220,0.39297859066,"61","0"
"624","5",1.43262769236,0.15196426348,"66","0"
"625","2",1.62290943615,0.10460876610,"65","0"
"626","3",1.65012731730,0.09891689861,"63","1"
"627","1",1.73607848573,0.08254995789,"62","1"
"628","1",1.84575578370,0.06492767341,"61","1"
"629","2",0.67922119514,0.49699772417,"68","0"
"630","10",0.27880893931,0.78039145415,"69","0"
"631","6",0.95998167528,0.33706444962,"83","0"
"632","24",1.03047351868,0.30278779162,"86","0"
"633","3",0.80781848357,0.41919509050,"91","0"
"634","5",0.69645053064,0.48614673227,"93","0"
"635","36",0.75822817510,0.44831440306,"99","0"
"636","1",0.86085496432,0.38931793711,"105","0"
"637","10",1.30359522406,0.19237162993,"112","0"
"638","5",1.83900724533,0.06591412041,"121","1"
"639","27",2.12698967460,0.03342094112,"129","2"
"640","8",3.35130796811,0.00080430801,"133","3"
"641","3",3.48082931405,0.00049986392,"138","3"
"642","8",4.66758858856,0.00000304755,"139","3"
"643","24",5.50574298082,0.00000003676,"142","3"
"644","21",5.59779875866,0.00000002171,"143","3"
"645","15",5.77136939891,0.00000000786,"142","3"
"646","19",5.75527874457,0.00000000865,"135","3"
"647","14",5.54512087542,0.00000002938,"133","3"
"648","23",5.02984809292,0.00000049087,"133","3"
"649","26",5.18459429594,0.00000021649,"132","3"
"650","2",5.34045957813,0.00000009271,"131","3"
"651","1",5.24266239123,0.00000015828,"127","3"
"652","2",2.83685525019,0.00455602621,"106","3"
"653","4",2.58549800321,0.00972384360,"88","3"
"654","6",0.27880893931,0.78039145415,"69","0"
"655","33",0.40497311287,0.68549727570,"69","0"
"656","19",-0.16918606664,0.86565028908,"72","0"
"657","1",-0.66084086910,0.50871437438,"75","0"
"658","5",-0.45119693979,0.65184761642,"73","0"
"659","1",-0.33279605500,0.73928823689,"74","0"
"660","1",0.38169890583,0.70268471262,"67","0"
"661","8",1.40219478113,0.16085708968,"64","0"
"662","15",1.51496604020,0.12978100443,"62","0"
"663","10",1.45202019413,0.14649599028,"60","0"
"664","4",1.80966923207,0.07034709662,"58","1"
"665","7",1.18479252620,0.23609950942,"50","0"
"666","8",1.26605976162,0.20549171236,"49","0"
"667","18",0.61796505390,0.53659837821,"45","0"
"668","4",-0.18735662608,0.85138102784,"42","0"
"669","1",-0.50681464959,0.61228487835,"42","0"
"670","4",0.04731612609,0.96226127571,"44","0"
"671","3",0.61246449779,0.54023048341,"48","0"
"672","2",0.33673568586,0.73631615998,"47","0"
"673","10",0.19801262515,0.84303518598,"52","0"
"674","20",0.50927069765,0.61056249613,"56","0"
"675","16",0.62027220657,0.53507859347,"61","0"
"676","9",0.57410836984,0.56589447263,"65","0"
"677","1",-0.23655793161,0.81299975981,"67","0"
"678","1",-0.87130057654,0.38359006494,"53","0"
"679","1",-0.58792526933,0.55658245738,"54","0"
"680","2",-0.59774794239,0.55000813384,"58","0"
"681","10",-0.69254050872,0.48859796058,"60","0"
"682","22",-0.79460428703,0.42684373088,"61","0"
"683","15",-1.00571583878,0.31455229551,"62","0"
"684","24",-0.40782814510,0.68339984997,"59","0"
"685","3",0.24148637364,0.80917817651,"61","0"
"686","2",1.64180806917,0.10062978627,"64","0"
"687","3",1.82347426412,0.06823159149,"61","1"
"688","2",1.99096738647,0.04648447286,"60","2"
"689","2",-0.34297187146,0.73161962206,"74","0"
"690","14",0.47454263153,0.63511300641,"79","0"
"691","8",1.07793474459,0.28106289504,"86","0"
"692","7",0.81706800682,0.41388957264,"91","0"
"693","26",0.68742082753,0.49181758127,"92","0"
"694","23",0.51709592775,0.60508919826,"98","0"
"695","4",0.68748954244,0.49177429317,"105","0"
"696","10",1.60009812222,0.10957681751,"122","0"
"697","16",1.63895619781,0.10122238241,"131","0"
"698","1",2.46663156521,0.01363906133,"138","2"
"699","5",5.62332606886,0.00000001873,"151","3"
"700","13",5.39415161921,0.00000006885,"151","3"
"701","30",5.54483330065,0.00000002942,"143","3"
"702","1",5.39038029738,0.00000007031,"141","3"
"703","8",4.84547159872,0.00000126311,"142","3"
"704","24",4.69822622877,0.00000262431,"139","3"
"705","42",4.80422396806,0.00000155353,"141","3"
"706","39",4.79779855948,0.00000160419,"139","3"
"707","8",2.21527537964,0.02674116868,"102","2"
"708","12",2.31247830520,0.02075133952,"87","2"
"709","5",1.39258978243,0.16374387453,"79","0"
"710","1",0.12227238664,0.90268330018,"73","0"
"711","24",0.47906885103,0.63188965007,"70","0"
"712","26",0.42859753856,0.66821613832,"72","0"
"713","12",-0.62039108565,0.53500034339,"75","0"
"714","7",0.26757711661,0.78902484744,"74","0"
"715","2",1.10199406698,0.27046426839,"74","0"
"716","1",1.43243542414,0.15201924663,"75","0"
"717","5",1.68907251061,0.09120553508,"73","1"
"718","31",1.85756336201,0.06323104546,"70","1"
"719","7",2.42834222977,0.01516802290,"67","2"
"720","1",2.46209729982,0.01381271889,"63","2"
"721","11",2.12427477851,0.03364717346,"61","2"
"722","3",2.00461531041,0.04500418859,"57","2"
"723","1",1.94972192819,0.05120927125,"54","1"
"724","1",1.51756383031,0.12912439082,"51","0"
"725","8",0.78536391881,0.43224023609,"45","0"
"726","4",0.37456955575,0.70798061905,"47","0"
"727","18",0.42519119880,0.67069730075,"48","0"
"728","27",0.45073963012,0.65217721755,"54","0"
"729","3",0.47446797997,0.63516622791,"56","0"
"730","5",0.70513794321,0.48072440082,"64","0"
"731","2",0.32691227602,0.74373423642,"66","0"
"732","2",0.00424221760,0.99661521022,"63","0"
"733","3",-1.08005340978,0.28011841362,"56","0"
"734","6",-1.19594781247,0.23171694688,"52","0"
"735","2",-1.04571621408,0.29569208969,"49","0"
"736","1",-0.97876258070,0.32769731530,"45","0"
"737","3",-0.68365462621,0.49419328619,"46","0"
"738","4",-0.55121867917,0.58148377926,"49","0"
"739","4",-0.87177517252,0.38333105063,"51","0"
"740","9",-0.77677343287,0.43729246025,"54","0"
"741","2",1.99151029985,0.04642481401,"59","2"
"742","2",2.20018241656,0.02779395532,"57","2"
"743","2",-0.51250762689,0.60829578587,"76","0"
"744","1",0.58335753633,0.55965264031,"81","0"
"745","3",0.81706800682,0.41388957264,"91","0"
"746","2",0.55048404616,0.58198741893,"94","0"
"747","19",0.56970440603,0.56887820391,"96","0"
"748","15",0.53936674896,0.58963382212,"104","0"
"749","3",0.75624345090,0.44950325188,"111","0"
"750","7",1.13359351995,0.25696511124,"119","0"
"751","4",1.72837631804,0.08392077845,"130","1"
"752","1",3.70904492483,0.00020804252,"150","3"
"753","3",4.76158184183,0.00000192081,"157","3"
"754","13",5.36520881762,0.00000008086,"162","3"
"755","7",5.29970499491,0.00000011599,"157","3"
"756","1",5.20475896674,0.00000019425,"152","3"
"757","13",4.92462095920,0.00000084524,"152","3"
"758","41",4.82850090041,0.00000137565,"148","3"
"759","21",4.48837456506,0.00000717687,"147","3"
"760","7",4.23946909721,0.00002240490,"148","3"
"761","37",4.38859107270,0.00001140874,"148","3"
"762","24",4.35216539370,0.00001347995,"142","3"
"763","1",4.26143843832,0.00002031153,"134","3"
"764","1",2.49941170923,0.01243996930,"112","2"
"765","3",1.75859906195,0.07864563244,"102","1"
"766","7",1.84122169590,0.06558907720,"93","1"
"767","20",1.70656223027,0.08790345040,"84","1"
"768","3",0.48508907309,0.62761316444,"80","0"
"769","3",-0.61301130333,0.53986886918,"76","0"
"770","14",-0.35601295843,0.72183086141,"77","0"
"771","1",0.22010668353,0.82578806990,"80","0"
"772","3",0.60287180316,0.54659397837,"79","0"
"773","15",0.67117908435,0.50210645561,"81","0"
"774","9",0.55509291240,0.57883111294,"84","0"
"775","7",1.39117883560,0.16417120346,"86","0"
"776","42",1.67398465483,0.09413361521,"83","1"
"777","66",2.04410711533,0.04094296639,"79","2"
"778","33",2.84817784469,0.00439703454,"75","3"
"779","19",2.89187825653,0.00382946307,"72","3"
"780","5",2.41777401792,0.01561577148,"72","2"
"781","1",2.35177993566,0.01868382499,"68","2"
"782","28",2.08784186761,0.03681210147,"65","2"
"783","2",1.65636286724,0.09764835616,"61","1"
"784","2",0.50133860770,0.61613284026,"46","0"
"785","2",0.73731336379,0.46093181294,"48","0"
"786","19",-0.17559421986,0.86061274376,"58","0"
"787","12",-0.90702581421,0.36439315669,"53","0"
"788","9",-1.19049421857,0.23385222238,"50","0"
"789","7",-1.33242844366,0.18271944060,"44","0"
"790","2",-0.78597808507,0.43188033300,"43","0"
"791","1",-0.47011409977,0.63827350266,"43","0"
"792","3",-0.52807332900,0.59744844370,"45","0"
"793","3",-0.77727628572,0.43699578967,"72","0"
"794","9",0.20691938109,0.83607282027,"87","0"
"795","4",0.55048404616,0.58198741893,"94","0"
"796","13",0.14899049994,0.88156112929,"101","0"
"797","14",0.23673944556,0.81285893173,"105","0"
"798","9",0.40252223876,0.68729972610,"112","0"
"799","21",0.57539809042,0.56502209812,"118","0"
"800","11",1.14593240772,0.25182314001,"129","0"
"801","28",1.76256737593,0.07797348348,"137","1"
"802","10",2.36144991397,0.01820363071,"146","2"
"803","4",3.22167675547,0.00127442826,"152","3"
"804","4",4.92446699137,0.00000084591,"163","3"
"805","5",4.94728692918,0.00000075255,"165","3"
"806","5",4.80541006484,0.00000154435,"162","3"
"807","17",4.48626811769,0.00000724815,"160","3"
"808","7",4.47797639629,0.00000753539,"157","3"
"809","28",3.96332233866,0.00007391387,"155","3"
"810","12",3.87041740451,0.00010864916,"152","3"
"811","27",3.71560429508,0.00020271863,"152","3"
"812","42",3.92403989840,0.00008707630,"150","3"
"813","8",1.36847679548,0.17116288052,"92","0"
"814","16",0.99648948425,0.31901238719,"84","0"
"815","3",0.22775576301,0.81983611903,"79","0"
"816","1",-0.53231379330,0.59450868280,"82","0"
"817","2",-0.52294067011,0.60101554341,"85","0"
"818","14",-0.20750968319,0.83561183129,"83","0"
"819","8",0.00476147290,0.99620090864,"83","0"
"820","3",0.40156367002,0.68800517238,"84","0"
"821","1",0.72533789296,0.46824476992,"89","0"
"822","14",0.95785440214,0.33813619403,"96","0"
"823","9",1.47618401397,0.13989449983,"95","0"
"824","27",2.19376881183,0.02825203403,"90","2"
"825","20",2.56913363560,0.01019531325,"85","2"
"826","9",2.87331099356,0.00406194046,"79","3"
"827","23",2.79406332826,0.00520502845,"76","3"
"828","7",2.43502602427,0.01489071870,"74","2"
"829","12",2.27528897139,0.02288860059,"70","2"
"830","12",1.95809328208,0.05021906791,"65","1"
"831","21",0.69153234535,0.48923106597,"58","0"
"832","14",0.15282290347,0.87853793558,"53","0"
"833","4",-0.98136825570,0.32641118722,"39","0"
"834","6",-0.69207361615,0.48889110438,"40","0"
"835","1",-0.48766593532,0.62578648583,"40","0"
"836","1",0.18803544455,0.85084886610,"87","0"
"837","1",0.37256573920,0.70947167677,"97","0"
"838","5",0.04027742780,0.96787194918,"106","0"
"839","7",0.05725128178,0.95434502816,"112","0"
"840","5",0.25450052698,0.79910889727,"118","0"
"841","22",1.34169364170,0.17969534950,"135","0"
"842","4",2.09146716259,0.03648620706,"146","2"
"843","13",2.97673081157,0.00291339690,"151","3"
"844","4",3.69997085855,0.00021562423,"156","3"
"845","13",4.28149584750,0.00001856412,"162","3"
"846","8",4.65527781688,0.00000323544,"165","3"
"847","18",4.23139423663,0.00002322472,"169","3"
"848","12",3.94306046981,0.00008044836,"165","3"
"849","12",3.85769935722,0.00011445931,"164","3"
"850","11",3.47050534669,0.00051948000,"162","3"
"851","6",3.47695108924,0.00050715032,"161","3"
"852","15",3.35171696167,0.00080312081,"158","3"
"853","26",3.58330625219,0.00033927244,"156","3"
"854","25",3.72440594399,0.00019577568,"149","3"
"855","2",3.07919687732,0.00207559469,"144","3"
"856","47",2.96498220917,0.00302700434,"128","3"
"857","32",2.30548053428,0.02113967571,"122","2"
"858","2",0.86426926781,0.38743999739,"100","0"
"859","5",-0.06277934950,0.94994221014,"83","0"
"860","12",0.06925997095,0.94478268774,"82","0"
"861","8",-0.14538425597,0.88440749455,"84","0"
"862","6",-0.24618093287,0.80554217503,"85","0"
"863","1",-0.18453386463,0.85359466325,"86","0"
"864","3",-0.27906919373,0.78019172447,"90","0"
"865","6",0.04010820325,0.96800686181,"88","0"
"866","8",-0.33988518433,0.73394299494,"89","0"
"867","1",0.20434274721,0.83808566733,"90","0"
"868","1",2.85700491642,0.00427659214,"78","3"
"869","1",2.54696000542,0.01086658865,"74","2"
"870","12",0.99603298198,0.31923413351,"51","0"
"871","23",0.24202407596,0.80876150801,"50","0"
"872","1",-0.02785312180,0.97777929731,"109","0"
"873","19",-0.10753774971,0.91436237902,"118","0"
"874","2",0.25398454112,0.79950750124,"126","0"
"875","2",1.75401980584,0.07942711348,"143","1"
"876","9",2.86044616680,0.00423045370,"152","3"
"877","1",3.31992371022,0.00090042051,"155","3"
"878","2",3.74324771577,0.00018165698,"159","3"
"879","8",3.90744960246,0.00009327549,"165","3"
"880","7",4.30095968205,0.00001700600,"170","3"
"881","11",3.62099387841,0.00029347346,"173","3"
"882","17",3.34713658303,0.00081650970,"172","3"
"883","15",3.06991997518,0.00214116133,"170","3"
"884","14",3.15248400534,0.00161887690,"169","3"
"885","5",3.04462692360,0.00232969105,"168","3"
"886","1",3.41219137093,0.00064442855,"161","3"
"887","20",3.57582089199,0.00034913063,"155","3"
"888","21",2.99283657768,0.00276397708,"147","3"
"889","4",2.86071432075,0.00422687746,"134","3"
"890","13",2.57830532694,0.00992862261,"125","3"
"891","5",1.95014857558,0.05115841297,"116","1"
"892","1",-0.29434788341,0.76849208709,"83","0"
"893","6",-0.20351835500,0.83872990079,"86","0"
"894","2",0.06528985704,0.94794321802,"87","0"
"895","3",-0.32183084201,0.74758084830,"87","0"
"896","2",-0.32062335221,0.74849583918,"91","0"
"897","8",-1.12566060065,0.26030922502,"92","0"
"898","8",0.86735299302,0.38574863832,"44","0"
"899","4",0.64607320353,0.51823195229,"44","0"
"900","1",0.14068623519,0.88811781969,"122","0"
"901","1",2.28245603368,0.02246243039,"147","2"
"902","7",3.55443095425,0.00037879796,"169","3"
"903","10",3.33620065417,0.00084931839,"174","3"
"904","8",3.03193458123,0.00242991860,"175","3"
"905","18",2.91636621357,0.00354134564,"176","3"
"906","14",3.00651869549,0.00264257803,"176","3"
"907","15",2.72912644343,0.00635023499,"176","3"
"908","8",3.00660936168,0.00264179008,"170","3"
"909","1",3.16754354619,0.00153732685,"161","3"
"910","12",2.80812934669,0.00498302079,"155","3"
"911","12",2.54228174911,0.01101313572,"149","2"
"912","10",2.47970448079,0.01314913115,"140","2"
"913","1",-0.04576870935,0.96349459898,"85","0"
"914","1",-0.79064820866,0.42914931349,"99","0"
"915","7",0.19113933493,0.84841643100,"104","0"
"916","2",3.58607417854,0.00033569351,"173","3"
"917","6",3.20381995458,0.00135617257,"174","3"
"918","16",2.74905560507,0.00597672462,"178","3"
"919","19",2.47717310903,0.01324276549,"181","2"
"920","37",2.74522299590,0.00604697927,"179","3"
"921","10",2.66036234575,0.00780566268,"174","3"
"922","3",2.42305282131,0.01539068865,"172","2"
"923","1",2.42965245257,0.01511330737,"164","2"
"924","5",2.67453664003,0.00748325985,"157","3"
"925","12",2.54143841489,0.01103973930,"146","2"
"926","13",2.92780238544,0.00341366936,"131","3"
"927","1",2.09810815802,0.03589559207,"123","2"
"928","1",1.07370538476,0.28295476343,"114","0"
"929","5",-1.36044735166,0.17368840271,"87","0"
"930","1",-1.46756423449,0.14222262907,"91","0"
"931","1",0.30280338455,0.76203970437,"108","0"
"932","1",0.67111878497,0.50214486530,"109","0"
"933","1",-1.99477254106,0.04606769349,"30","-2"
"934","1",3.16898292837,0.00152973380,"174","3"
"935","42",2.49365126103,0.01264366999,"178","2"
"936","71",2.55927260609,0.01048914528,"179","2"
"937","54",2.42024410905,0.01551009125,"175","2"
"938","15",2.33448670580,0.01957025138,"169","2"
"939","10",2.33289172342,0.01965382888,"155","2"
"940","1",2.45144416443,0.01422842593,"146","2"
"941","12",2.23272507343,0.02556707994,"137","2"
"942","2",2.20007856466,0.02780132141,"122","2"
"943","12",1.65728742390,0.09746137867,"112","1"
"944","3",0.64481904641,0.51904446150,"107","0"
"945","1",-1.33663777376,0.18134090272,"76","0"
"946","7",-1.56317554456,0.11801131062,"85","0"
"947","2",-0.62429494897,0.53243390403,"103","0"
"948","10",1.16912003156,0.24235529467,"107","0"
"949","23",1.77616353570,0.07570596651,"102","1"
"950","7",2.80123144107,0.00509079941,"80","3"
"951","1",3.25985808347,0.00111467973,"71","3"
"952","2",1.79481942964,0.07268247412,"171","1"
"953","3",1.89394776918,0.05823194301,"174","1"
"954","1",2.18230224397,0.02908723352,"173","2"
"955","11",1.92329441963,0.05444308502,"170","1"
"956","4",1.86287815923,0.06247941031,"162","1"
"957","1",1.85280428886,0.06391041529,"154","1"
"958","2",2.01647195387,0.04375064807,"146","2"
"959","4",1.81727579721,0.06917489396,"127","1"
"960","1",1.17237252302,0.24104754666,"115","0"
"961","1",0.19787394432,0.84314369063,"107","0"
"962","4",-1.08085633826,0.27976103962,"94","0"
"963","5",-0.55672170349,0.57771758850,"101","0"
"964","3",0.40613458261,0.68464371801,"102","0"
"965","7",1.13318257917,0.25713760713,"103","0"
"966","23",1.39549265799,0.16286732728,"103","0"
"967","18",1.36951503474,0.17083833841,"106","0"
"968","31",1.48455195391,0.13766255089,"100","0"
"969","9",2.08619741410,0.03696074439,"96","2"
"970","3",2.30828833133,0.02098310501,"93","2"
"971","8",2.43522389271,0.01488257785,"87","2"
"972","33",2.69562444822,0.00702568281,"79","3"
"973","11",3.00525100924,0.00265361760,"72","3"
"974","19",3.16908008029,0.00152922255,"65","3"
"975","11",2.96203479899,0.00305613241,"58","3"
"976","15",2.05409849981,0.03996615924,"50","2"
"977","1",-0.51676244601,0.60532200038,"86","0"
"978","1",-1.00412354908,0.31531907947,"106","0"
"979","2",-0.23749221809,0.81227495581,"112","0"
"980","10",0.31559013499,0.75231362692,"120","0"
"981","7",0.27563967098,0.78282483685,"129","0"
"982","3",0.27314498631,0.78474176727,"136","0"
"983","1",0.80695851068,0.41969039433,"160","0"
"984","3",1.46097136236,0.14402330067,"162","0"
"985","3",1.71040592532,0.08719083609,"152","1"
"986","2",1.79941876985,0.07195246267,"143","1"
"987","3",0.80578608468,0.42036621032,"118","0"
"988","9",-0.57049286604,0.56834346208,"94","0"
"989","14",0.19058115401,0.84885375657,"96","0"
"990","6",0.87757513995,0.38017433461,"95","0"
"991","11",1.64388695342,0.10019955556,"96","0"
"992","28",1.63500642462,0.10204770082,"94","0"
"993","13",1.84376508692,0.06521738286,"91","1"
"994","1",2.09531303500,0.03614317448,"87","2"
"995","28",2.56288025181,0.01038078451,"82","2"
"996","2",3.02522178409,0.00248450867,"76","3"
"997","21",2.96453622688,0.00303139549,"70","3"
"998","13",2.75274240461,0.00590983768,"64","3"
"999","48",2.33822978561,0.01937533116,"57","2"
"1000","6",1.92126899538,0.05469780380,"49","1"
"1001","3",-2.12919757680,0.03323791731,"26","-2"
"1002","2",-2.09793138732,0.03591120687,"33","-2"
"1003","7",-0.47405878414,0.63545799025,"105","0"
"1004","4",0.18582447039,0.85258241424,"113","0"
"1005","4",0.37428868601,0.70818954943,"121","0"
"1006","10",-0.22358371967,0.82308123298,"131","0"
"1007","3",-0.39134862829,0.69553955992,"140","0"
"1008","7",-0.03839676498,0.96937134025,"146","0"
"1009","3",0.95845949450,0.33783111913,"160","0"
"1010","17",0.91438914651,0.36051241329,"154","0"
"1011","9",0.74010960962,0.45923349404,"143","0"
"1012","2",0.82178703583,0.41119812117,"133","0"
"1013","8",0.49379439606,0.62145139305,"126","0"
"1014","5",0.15341652941,0.87806981066,"117","0"
"1015","1",-0.19277072407,0.84713853234,"106","0"
"1016","7",-2.12662899158,0.03345092168,"58","-2"
"1017","13",-1.83366763741,0.06670334534,"73","-1"
"1018","7",-0.93555877953,0.34950041731,"87","0"
"1019","6",-0.58620595356,0.55773712431,"87","0"
"1020","1",-0.36791737058,0.71293484824,"89","0"
"1021","4",0.24261716856,0.80830198017,"86","0"
"1022","5",0.74570616321,0.45584494120,"86","0"
"1023","4",1.34757341606,0.17779562565,"85","0"
"1024","12",1.85457565842,0.06365684680,"82","1"
"1025","8",2.01609843497,0.04378968368,"80","2"
"1026","4",2.31366769497,0.02068595724,"61","2"
"1027","1",2.12416356817,0.03365646847,"55","2"
"1028","8",1.82486790148,0.06802096609,"47","1"
"1029","1",-1.94710902842,0.05152166484,"24","-1"
"1030","2",-1.85378781893,0.06376952186,"30","-1"
"1031","1",-1.66123487613,0.09666628363,"45","-1"
"1032","9",-1.16125975103,0.24553630230,"56","0"
"1033","1",-0.98447023791,0.32488437085,"60","0"
"1034","3",-0.50790084890,0.61152288132,"97","0"
"1035","2",-0.08937586717,0.92878320192,"116","0"
"1036","2",-0.37398760545,0.70841353841,"123","0"
"1037","22",-0.62438344875,0.53237579571,"131","0"
"1038","6",-0.25803523969,0.79637971080,"141","0"
"1039","1",0.09119847302,0.92733488826,"150","0"
"1040","1",-0.16086459945,0.87220004473,"150","0"
"1041","1",-0.06772474316,0.94600475233,"141","0"
"1042","2",0.11675073766,0.90705758234,"132","0"
"1043","1",0.23191821893,0.81660153381,"123","0"
"1044","2",-0.68550063403,0.49302806532,"103","0"
"1045","7",-1.35574707630,0.17517965540,"92","0"
"1046","1",-1.63269879154,0.10253236173,"84","0"
"1047","2",-1.98725444450,0.04689420722,"57","-2"
"1048","1",-2.08693242292,0.03689424355,"61","-2"
"1049","25",-1.82010794990,0.06874256719,"66","-1"
"1050","8",-1.60955919591,0.10749412218,"70","0"
"1051","1",0.08352678479,0.93343268062,"77","0"
"1052","1",0.06354770555,0.94933037244,"77","0"
"1053","19",0.54304560724,0.58709840385,"77","0"
"1054","23",0.79963563834,0.42392194013,"72","0"
"1055","1",1.94427913747,0.05186179906,"45","1"
"1056","1",-1.57800599295,0.11456423302,"35","0"
"1057","5",-1.48318845293,0.13802434825,"82","0"
"1058","16",-0.14973384297,0.88097460639,"99","0"
"1059","1",-0.31322611089,0.75410888267,"116","0"
"1060","5",-0.44655095686,0.65519931403,"134","0"
"1061","7",-0.45595815609,0.64842006975,"141","0"
"1062","7",-0.74237117631,0.45786248410,"137","0"
"1063","1",-0.94693152402,0.34367368464,"127","0"
"1064","1",-0.44802328942,0.65413639004,"112","0"
"1065","6",-1.62056630786,0.10511068289,"93","0"
"1066","1",-1.93329650745,0.05319968183,"47","-1"
"1067","24",-1.87845099604,0.06031949483,"51","-1"
"1068","33",-1.99652497538,0.04587681001,"56","-2"
"1069","6",-1.73042810957,0.08355381524,"61","-1"
"1070","17",-1.33968326662,0.18034834001,"65","0"
"1071","1",-0.83911596901,0.40140424402,"72","0"
"1072","1",-0.31347866100,0.75391703082,"72","0"
"1073","5",0.29109232680,0.77098070865,"70","0"
"1074","7",0.48829491228,0.62534096642,"67","0"
"1075","14",0.68454139215,0.49363336579,"63","0"
"1076","5",-1.58486209923,0.11299766939,"59","0"
"1077","19",-1.81720395939,0.06918588895,"63","-1"
"1078","12",-2.20241980745,0.02763566800,"69","-2"
"1079","2",-1.18240157080,0.23704642123,"82","0"
"1080","3",-0.36687096843,0.71371526836,"91","0"
"1081","1",-0.30063448379,0.76369323335,"111","0"
"1082","4",-0.28061523223,0.77900553200,"120","0"
"1083","3",-0.48249758460,0.62945251553,"124","0"
"1084","2",-0.74226572201,0.45792636165,"131","0"
"1085","9",-1.55624493209,0.11964986059,"117","0"
"1086","1",-2.53928377649,0.01110796836,"71","-2"
"1087","1",-1.80718360782,0.07073365592,"47","-1"
"1088","6",-1.65259002480,0.09841432959,"52","-1"
"1089","2",-0.95057492412,0.34182021470,"61","0"
"1090","2",-0.54263091548,0.58738395108,"66","0"
"1091","2",-0.37936028621,0.70442033818,"68","0"
"1092","13",-0.12530073069,0.90028547376,"68","0"
"1093","4",0.13652809098,0.89140381910,"67","0"
"1094","3",0.50923407708,0.61058816168,"65","0"
"1095","1",-1.46607776713,0.14262710188,"51","0"
"1096","4",-1.50856006657,0.13141124569,"54","0"
"1097","9",-1.64213602188,0.10056181793,"57","0"
"1098","18",-1.89753950646,0.05775676982,"61","-1"
"1099","16",-1.73434458232,0.08285696159,"68","-1"
"1100","25",-1.09567604112,0.27322058838,"75","0"
"1101","1",-0.47739790907,0.63307880448,"96","0"
"1102","2",-0.68630985041,0.49251774330,"116","0"
"1103","2",-1.00440529879,0.31518331057,"118","0"
"1104","5",-1.10084733878,0.27096312211,"116","0"
"1105","3",-1.13946932689,0.25450747373,"113","0"
"1106","6",-1.75893418365,0.07858868820,"104","-1"
"1107","5",-2.06441342133,0.03897853503,"92","-2"
"1108","4",-2.48888914843,0.01281429131,"85","-2"
"1109","1",-2.77326056555,0.00554976637,"78","-3"
"1110","2",-1.50996622413,0.13105204284,"48","0"
"1111","3",-1.45620537707,0.14533585354,"55","0"
"1112","3",-0.29572358950,0.76744118109,"66","0"
"1113","2",0.66368312493,0.50689314638,"62","0"
"1114","4",0.88238215077,0.37757019430,"59","0"
"1115","9",-1.56729145731,0.11704658125,"56","0"
"1116","10",-1.81534715943,0.06947057596,"60","-1"
"1117","18",-1.89401193071,0.05822342628,"63","-1"
"1118","29",-1.90069719893,0.05734168566,"72","-1"
"1119","5",-1.26002399200,0.20766073223,"82","0"
"1120","3",-0.65628419030,0.51164129196,"92","0"
"1121","1",-0.76878000134,0.44202392938,"105","0"
"1122","2",-1.09730209699,0.27250937174,"104","0"
"1123","6",-1.28881381534,0.19746282191,"103","0"
"1124","1",-1.68970863831,0.09108370982,"99","-1"
"1125","39",-2.83402197677,0.00459661707,"88","-3"
"1126","29",-3.05635773138,0.00224043775,"81","-3"
"1127","1",-1.63601790863,0.10183583937,"58","0"
"1128","2",-1.17160798627,0.24135450071,"87","0"
"1129","6",-3.25687482052,0.00112646098,"79","-3"
"1130","1",-3.01132786132,0.00260107836,"73","-3"
"1131","1",-1.97302841600,0.04849232495,"40","-2"
"1132","1",-1.97407283683,0.04837346148,"67","-2"
"1133","1",-1.73276013037,0.08313831198,"75","-1"
"1134","2",-2.40741075534,0.01606608839,"83","-2"
"1135","3",-3.22637885872,0.00125367290,"73","-3"
"1136","3",-3.13167213770,0.00173813859,"68","-3"
"1137","4",-2.90728287029,0.00364583350,"62","-3"
"1138","1",-2.03904701175,0.04144533584,"36","-2"
"1139","8",-2.48568421994,0.01293026443,"66","-2"
"1140","3",-3.07201170332,0.00212621389,"67","-3"
"1141","4",-2.45772234653,0.01398212276,"52","-2"
"1142","2",-2.47975906533,0.01314711855,"49","-2"
"1143","1",-2.09567302450,0.03611120640,"40","-2"
"1144","1",-0.82920280983,0.40698966326,"24","0"
"1145","3",-2.37838865679,0.01738848745,"57","-2"
"1146","5",-2.73133567521,0.00630781884,"58","-3"
"1147","3",-2.53372692529,0.01128566412,"48","-2"
"1148","1",-2.10591551994,0.03521169130,"11","-2"
"1149","1",-1.58973176763,0.11189527976,"6","0"
"1150","1",-1.12264036734,0.26159028209,"3","0"
